두화당 ,613
조대포 (1호점),1394
하나모코시 ,46
문배동육칼 ,35
열정도 다가구주택 ,4816
쎄라비 ,4408
열정도 고깃집 ,4816
마시&바시 ,172
두들커피로스터리 ,613
열정도 감자집 ,4816
형제상회 (노량진본점),46
꿀꾸랄라 ,8163
오가네팬케이크 ,4816
허수아비 ,46
마마부찌 ,172
곱창의전설 (노량진점),0
스시준 ,4147
노량진길거리베트남쌀국수 ,8163
스윙바이 (노량진점),4147
주전부리 ,1394
오월의종 (타임스퀘어점),4816
에베레스트 (영등포점),4816
커피리브레 (타임스퀘어),46
마호가니커피 (타임스퀘어점),172
마굿간생고기 ,172
켄비멘리키 ,46
마호가니 ,172
카페마마스 (타임스퀘어),1394
삼송빵집 (신세계백화점 영등포점),35
달빛한모금 (영등포점),8163
올드문래 ,4816
신도림 이도식당 ,4147
코나야 (현대백화점 디큐브시티점),46
백미당 1964 (디큐브 시티점),35
미미네 (현대백화점 디큐브시티점),35
찬장 ,1394
쉐라톤디큐브시티로비라운지바 ,4147
빈브라더스 (신도림디큐브시티백화점점),35
이춘복참치 (현대백화점 디큐브시티점),1394
신도림참족발 ,4147
영화장 ,4816
외대철판마을 ,4816
본가할머니보쌈 ,35
레알라면 ,613
원더러스트 ,4816
옹골진치킨 (외대점),4816
베브릿지 (외대 본점),35
언니네함바그 ,4816
고수찜닭 (외대점),0
통일부대찌개 ,46
로지스시 ,613
서울쉬퐁 ,35
농이마을 ,8163
광산떡볶이 ,0
진도식당 ,1394
진성각 ,1394
남대문임금님표꿀타래 ,8163
안다미로왕솥뚜껑삼겹살 ,4408
별난주점 (한예종점),35
신마포갈매기 (이문삼거리점),4147
창신동매운족발 (1호점),1394
창신동매운족발 (석계점),1394
남해바다마차 ,8163
봉추찜닭 (석계점),35
채선당 (석계점),1394
치어스 (석계역점),1394
무명칼국수 ,35
이층블루스 ,1394
버들국수 ,35
포베이 (석계역점),46
마루국시 ,172
육당21 (월계점),1394
용궁중화요리 ,4816
월계철판곱창 ,4816
보리보리 ,35
와플팝 ,4816
가장맛있는족발족과의동침 (월계점),0
썬더치킨 (인덕대점),4408
행복추풍령감자탕묵은지 (월계점),46
전봇대곱창 ,1394
금희네삼겹살 ,8163
맥시칸 (녹천점),172
블랙드럼 ,35
유즈라멘 ,1394
카페올로 (서울스퀘어점),46
해랑스시 ,46
카페395 (밀레니엄서울힐튼),1394
이창희스시 ,1394
베리스트리트키친 ,35
카니발피자 ,1394
서울리스타 ,35
누들박스 (서울역점),8163
애성회관 (북창동점),4408
마르셀 ,172
진주회관 ,1394
림벅와플 (덕수궁직영점),172
잼배옥 ,1394
모모카페 ,172
도원 (플라자호텔),613
에릭케제르 (플라자호텔),4816
송옥 (본점),4147
유림면 ,4816
더미 (광화문 본점),1693
백부장집닭한마리 (본점),35
무교동북어국집 ,35
반짝반짝빛나는 ,35
황산샤브샤브 ,303
종로돈부리 ,1394
교대이층집 (광화문점),8163
정선할매곤드레밥 ,1394
청진식당 ,1394
커피기업 (광화문점),46
뚝배기집 ,613
크래프트루 ,46
포탈라 (종로점),46
양키스버거 ,4816
호반 ,303
녹기전에 ,8163
국수찾아닭만리 ,8163
서울커피 (익선점),35
리장수 ,172
효자동목고기 ,303
부촌육회 ,35
창신육회 ,1394
육회자매집 (3호점),1394
육회자매집 (2호점),1394
진옥화할매원조닭한마리 ,1394
은성횟집 ,1394
형제육회 ,46
순희네빈대떡 ,4147
소문난원할매닭한마리 (종로본점),4147
원조누드치즈김밥 ,4816
비엘티스테이크 (JW메리어트동대문),35
옥천왕족발 ,4816
동북화과왕 ,613
마고미 ,172
일젤라또 (현대시티아울렛 동대문점),1394
창신동매운족발 (본점),1394
라에스키모 (현대시티아울렛 동대문점),613
코나야 (현대시티아울렛 동대문점),46
그리핀바 ,8163
더라운지 (JW 메리어트호텔 동대문점),1693
육전식당 (1호점),1394
육전식당 (3호점),1394
육전식당 (2호점),1394
리도 ,172
황박사소갈비 ,303
어른이대공원 ,4816
팔삼 ,46
미스사이공 (신설동점),35
학술적연구소 ,46
빈이네곱창 ,35
나정순할매쭈꾸미 ,8163
평양냉면 ,46
히든트랙 ,303
마약고기 ,172
용두동임오네쭈꾸미 (1호점 본점),4816
청량리할머니냉면 (용두점),1394
상생장 ,35
함경면옥 ,46
치킨마루 (제기동점),1394
감초식당 ,0
낙산냉면 ,8163
히말라얀레스토랑 (동묘역점),303
호텔고기뷔페 ,303
채선당 (동묘점),1394
본고향맛집 (동묘점),35
동묘 어탕국수 ,613
나마스테 (동묘점),8163
호로록커피 ,303
고기튀김전문집 ,0
포메인 (동묘점),46
카페 하인츠 (팬타포트점),1394
유리카모메 ,4816
펀피쉬R ,46
국수나무 (천안와이몰점),8163
왕십리용비네한우곱창 ,4816
죠인쉐프뉴욕 (천안아산역점),1394
갈릭차이나 ,0
스시히로바 (갤러리아 센터시티),4147
밀러타임 (아산KTX점),35
빈스앤베리즈 (갤러리아 센터시티 3호점),35
풍기역전앞부산식당 ,46
예가떡폐백이바지전문 ,4816
홍두깨칼국수 ,303
장어사냥 ,1394
은정갈비 ,1394
재벌짬뽕 ,1394
치르치르 (온양온천점),1394
삼부자황제갈비살 ,35
유림분식 ,4816
현대갈비 ,46
올래즉석멸치국수 ,4816
곤지암백간난소머리국밥 ,0
유정고기마당 ,1394
대청마루 ,8163
여신족발 ,4816
춘천옥 ,1394
인디아게이트 (마리오점),1394
에머이 ,4816
스시마이우 ,4147
선향정샤브샤브 ,35
홍대돈부리 (마리오아울렛),303
25카츠 (가산점),0
철판목장 (W몰점),1394
포보스 (현대아울렛 가산점),46
관악감자탕 ,0
재동골순대보쌈 ,1394
도미노피자 (석수점),613
엘에이호프 ,4816
삼막골샤브샤브 ,35
대림떡집 ,8163
서소문순두부보쌈 ,35
본가한방족발 ,35
도담바지락칼국수 ,613
캘리포니아 ,46
65 디그리스 ,0
연막술 (안양본점),4816
삼촌식당 ,35
봉추찜닭 (안양점),35
어반시크 ,4816
설빙 (경기도안양점),35
홍대돈부리 (안양1번가점),303
코벤트가든 ,46
서가앤쿡 (안양1번가점),35
아지매순대국 ,4408
제주아방 (금정점),1394
항아리보쌈 ,46
찌개지존 ,1394
털보네떡볶이 ,46
좋은날피에스타 ,1394
가장맛있는족발 (금정역점),0
군산오징어 ,8163
서래통 ,35
커피볶는고양이 ,46
레드브릭 ,613
군포식당 ,8163
골목집 ,0
진주집 ,1394
싸오타이포차 ,4147
윤대감참숯등갈비 ,1394
쭈박 ,1394
피자정 ,46
예감쪽갈비 (군포점),4816
촛불조방낙지 ,1394
군포떡집 ,8163
나이트티 ,8163
국수파동 ,8163
벨라튀니지 ,35
블루펍 ,35
바네통 ,35
비추는별 ,35
키와마루아지 (성균관대점),46
낮것상칼국수 ,8163
히토리 ,303
본찌돈까스 ,35
수모임 ,4147
태백막국수 ,46
커피주택 ,46
청와대갈비 ,1394
경기회수산 ,0
Begin195 ,0
바울아저씨 (수원화서점),35
니지 퓨전일식 ,8163
정통춘천닭갈비 ,1394
바이크빈 ,35
대구원조까미생막창누네서네 (서울점),8163
다이닝살룬 ,8163
영향 ,4816
신선설농탕 (독산점),4147
스시옥 ,4147
홍수계안동찜닭 (홈플러스금천점),303
금대한우도매식당 ,8163
뽕나무쟁이족발 동두천진짜부대찌개 ,35
1인자감자탕 ,0
천지회관 ,1394
수원성옛설렁탕 ,4147
필디스모먼트 ,46
홀리커피 ,303
대풍원 ,8163
옻닭집 ,4816
더 티엔 ,8163
매울만두하지 ,172
디디치킨 (세류역점),613
싱싱회타운 ,4147
장원떡집 ,1394
핏제리아다루카 ,46
빵토리 ,35
별스시 ,35
드림독 ,613
무진장갈비 ,35
브로한 ,35
죽이야기 (세마역점),1394
취풍덕 ,1394
홍가네가든 ,303
마루샤브 (오산점),172
삼미포차 ,35
카페시스 ,1394
오레오양꼬치 ,4816
셰프마스터 ,4147
최가네불짬뽕 ,1394
신화닭발 ,4147
본가왕뼈감자탕 (오산세교점),35
대명오리 ,8163
물향기쌈밥정식 ,35
화진정 ,303
문경새재 ,35
킴홍베트남쌀국수 ,46
대흥식당 ,8163
오리향 ,4816
천지연 (오산점),1394
포크두개바베큐치킨 ,46
담케이크 ,8163
신전떡볶이 (오산점),4147
원샷 ,4816
아라리만두 ,4408
김네집 ,8163
세모분식 ,35
김네집 ,8163
영빈루 ,4816
뉴욕스키친 ,8163
어가촌 ,4816
춘옥 ,1394
음악당 ,1394
죠인쉐프뉴욕 ,1394
록키즈버거 ,613
그램그램 (이충점),8163
카페폼 ,46
유가네곱창넷 ,4816
더맛있는김밥 ,1693
조가네부대찌개 ,1394
컵스앤쿡 ,46
역전식당 ,4816
베이컨시 ,35
진미집 ,1394
79네수육국밥과철판 (서정점),0
모티마할 ,172
군계폐계닭 ,8163
아웃백스테이크하우스 (AK플라자 평택점),4408
민족의부대찌개 ,35
오말리 (평택점),4816
개화식당 ,0
도쿄식당 ,613
장수손칼국수 ,1394
나랑 ,8163
그녀의돈까스 ,8163
다루 ,8163
미소가득 ,35
자매곱창 ,1394
꼬맹이김밥 ,8163
도네누 (천안직산점),613
일품한우정육점식당 ,1394
청중화요리 ,1394
다우홈 ,8163
대원 ,8163
닭강정총각 (천안직산점),8163
커피인더스트리 ,46
한참치 ,46
우차돈 ,4816
할매냉면 ,46
남도보신탕 ,8163
커피하우스 (군포점),46
장스치킨 (당정점),1394
카페하라 ,46
석기정 (당정점),35
명품철판닭갈비 ,172
보나카바 ,35
경복궁 (동탄점),0
미사리밀빛초계국수 (동탄점),35
홍종흔베이커리 ,303
봉평메밀막국수전통보리밥 ,35
운봉소갈비전문점 ,4816
본가장수촌 (동탄점),35
목포식당 ,35
구수옥 ,8163
삿뽀로 (동탄점),35
아메리칸트레일러 (광명점),4408
이케아레스토랑 (광명점),1394
카페덕안 ,1394
생어거스틴 (광명롯데 프리미엄몰점),35
빌라드샬롯 ,35
브로버거 ,35
백합칼국수 ,35
발재반점 (롯데프리미엄 아울렛 광명점),35
데일리로스트커피 ,613
스시한판 (롯데프리미엄아울렛광명점),4147
평양냉면 ,46
팔칠닭강정 (오류동본점),46
춘향양꼬치 ,1394
후쿠야 ,303
파스타카페가든 ,46
봉쥬비어 ,35
호치킨 (오류1동점),303
하루국수 ,46
스시쿠야 ,4147
서울 명동 찌개 (오류동점),35
크라이치즈버거 (역곡점),46
착한돈삼이네 (역곡점),1394
쇼샤돈부리 ,4147
브이떡볶이126 (역곡본점),35
조아저씨빵집 ,1394
달팽이커피집 ,8163
화호이하롱관 ,303
신동 ,4147
갈비씨 (역곡본점),0
꿈꾸는다락방 ,8163
강원토종삼계탕 (부천점),0
호미불닭발 (본점),303
토리마쯔리 ,46
르시엘 ,172
어부의밥상 ,4816
어서오새우 ,4816
스시정 ,4147
공사하우스 ,0
복돼지집 ,35
보니타디카페 ,35
에픽 ,4816
일품향마라향솥 ,1394
레드락 ,613
콩설기 (3호점),46
삼미당 ,35
위대한카페 ,4816
엠바웃 ,4816
단아한 베짱이 ,8163
베란다컵케이크 (부평 본점),35
지로 (부평점),1394
뽀까뽀까 (주안점),35
모밀애 ,172
황금게장 ,303
the숯불닭 ,0
끽다점 ,8163
거북곱창 (인천 주안점),0
소소비루 ,4147
크레페하우스 ,46
옛날식김치찌개 ,4816
빽다방 (주안역점),35
오목골즉석메밀우동 ,4816
백령면옥 (제물포점),35
가격파괴범 ,0
모노에스프레소 ,172
초밥마루 ,1394
숭의가든 ,4147
한스델리 (인천제물포점),46
모미락 ,172
명품삼계탕 ,172
크레플 ,46
신승반점 (본점),4147
원보 ,4816
만다복 (본점),172
홍두병 ,303
다다복 ,8163
팟알 ,46
십리향 ,4147
중국제과담 (1호점),1394
연경 ,4816
신 ,4147
비어펍 ,35
도네누 (동양공대점),613
주먹쥔갈매기 ,1394
안주파티 ,4408
빨봉분식 (고척점),35
리틀하노이 (고척점),172
뺑드미 (본점),35
김떡비 ,8163
썬더치킨 (고척점),4408
아로이 ,4408
떡애 ,613
카페 이유 ,1394
멜로우시티 ,172
하늘자전거 (소사점),46
차이나텐진 ,1394
또모찌 (소사점),613
치킨과외것들 ,1394
왕또떡볶이 ,4816
서신분식 ,35
요거프레소 (서울신학대점),4816
안스베이커리 (간석점),4408
효재네맛집 ,303
금강산숯불갈비 ,8163
한우평 ,46
형제닭집 ,46
야래향 ,4408
먹돌래식당 ,172
린 (간석점),172
식객 ,4147
수림공원가든 ,4147
이화찹쌀순대 ,1394
대도닭강정 ,8163
신일반점 ,4147
창영떡집 ,1394
아레나 ,4408
웅이네족발 ,4816
성원식당 ,35
엘레나가든 (인천숭의점),4816
천영토시살전문 ,1394
신흥정육식당 ,4147
한촌설렁탕 (부천본점),46
아뜰리에낭만앵 ,4408
하루동 ,46
커피상동시장 (상동시장점),46
순흥골숯불갈비 ,4147
뿔난쭈꾸미 ,35
육영맥반석치킨 ,1394
속초생선찜구이 ,4147
치킨678 (부천중동역점),1394
웜이디자인베이킹 ,4816
초가메밀우동 ,1394
선어락 ,35
고기사냥 ,0
신성관 ,4147
커피유 ,46
손두부보쌈 ,4147
무수옥 ,35
삼오곱창 ,35
Cafe1253 ,0
묵은지사랑 ,35
이퓨레 ,1394
써이포차나 ,4408
매워도다시한번 ,172
청아라 ,1394
오마이삼겹살 ,4816
신라삼계탕 ,4147
도봉산양고기 ,613
민락촌 ,35
옹기꽃게장 ,4816
산과산사이커피로드 ,35
더밸리 ,1693
도봉산갈비 ,613
영수네감자국 ,4816
인디언소울 ,1394
도봉산 팔뚝집 ,613
장어가 ,1394
평양면옥 (의정부본점),46
더치480 ,1693
사쿠라멘 ,35
의정생고기 ,1394
젠틀차이나 ,1394
조금느린집 ,1394
프랭크서울 (회룡역점),46
워낭소리 ,4816
겐조스시 ,0
아세안익스프레스 ,4408
깡통돌곱창 ,8163
신래향 ,4147
평양면옥 (의정부본점),46
1978,0
매드포갈릭 (의정부점),172
겐텐 ,0
홍대돈부리 (의정부점),303
생어거스틴 (신세계백화점 의정부점),35
스쿨푸드 (신세계백화점 의정부점),4147
부야스곱창 (의정부점),35
예향재 ,4816
착한낙지 (의정부 본점),1394
불만난쭈꾸미 ,35
굽네치킨 (의정부녹양점),8163
뜨락가든 ,613
쭈꾸미아저씨 ,1394
유월의아침 ,1394
코리안숯불바베큐 (녹양점),46
무한버섯나라 (녹양점),35
전국5대짬뽕 교동짬뽕 ,1394
막줄래국시 ,172
압구정해장국식당 ,4408
김경자소문난대구왕뽈찜 (양주점),8163
김돼지네 ,8163
꺼먹돼지 ,8163
쿠우쿠우 (양주점),46
안골 ,4408
초원마차 ,1394
추오정남원추어탕 ,1394
채선당 (덕계점),1394
홍삼오리회전구이 ,303
김떡배 ,8163
고구려삼계탕 ,0
라구 ,613
뚱가네수제갈비 ,613
야미앤바베쿡스 ,4816
아리랑갈비 ,4408
꼬치굽는브라더 ,8163
3일소고기국밥지행점 ,0
장모님진해장국 ,1394
제리스 ,1394
해물천하조개구이 ,46
인비토 ,1394
송월관 ,4147
평남면옥 ,46
처가집부대고기 ,1394
충남칼국수 ,1394
별미칡냉면 ,35
소요산면옥 ,4147
카페엣 ,1394
카페윙 ,46
금락일식 ,8163
서가해물찜찜찜 ,35
신흥숯불갈비 ,4147
소요산신흥 ,4147
유경참나무장작구이 ,4816
가마솥밥집 ,0
카페파우스 ,46
명품한우축산물식당 ,172
조선곰탕 ,1394
넓은공간 ,8163
다래현 (소요산점),8163
동천골 ,613
레어그루브 ,613
신길동매운짬뽕 (신길본점),4147
신해림샤브뷔페 ,4147
견블리 ,0
함흥냉면명가신면옥 ,46
토시래 (신길삼거리점),46
자연드림 (서울신길점),1394
전봇대곱창 ,1394
신길양꼬치구이 ,4147
생활맥주 (신길삼거리점),35
동경통닭 ,613
영양센터 (청량리점),4816
혜성칼국수 ,46
서울뼈구이매운족발 (본점),35
마카나이 ,172
광주식당 ,0
독 ,613
할머니냉면집 ,46
빌리엔젤 (롯데백화점 청량리점),35
실크로드 ,4147
약초마을 ,4816
송백목감자탕 ,4147
빕스 (대방점),35
담소 ,8163
라듀레 ,613
희래등 ,303
알볼로피자 (신길점),4408
다채 (대방점),8163
제일숯불갈비 ,1394
코리 ,46
회기왕족발보쌈 ,303
경발원 ,0
오관스시 ,4816
백수씨심야식당 ,35
커피컵 ,46
봉이만두 ,35
치맥파이브 ,1394
와요 ,4816
배트콩 ,35
러블티 ,613
베트남노상식당 (광운대점),35
더진국 (광운대점),1693
여우곱창 ,4816
로스2000 ,613
스타벅스 (광운대점),4147
만남곱창 ,172
치킨클럽 ,1394
빈대떡신사 ,35
달또바기 ,8163
오네스토테이블 ,4816
마쯔무라돈까스 ,172
하누소 (창동본점),46
카페오븐 ,1394
사누끼 ,35
창동짬뽕 ,1394
경복궁 (창동점),0
쉐프마인드 ,4147
우동수 ,4816
덩어리 ,613
킴스테이블 ,46
한촌설렁탕 (천안쌍용점),46
삼부자한우정육식당 ,35
샤브팜 (천안점),35
강촌유미숯불닭갈비 ,0
이현쭈꾸미 ,1394
구이박사 ,8163
재석이네참숯화로구이 ,1394
지진주쌈밥 ,1394
바다장어마을 ,35
탱탱김치제육 ,46
치르치르 (아산배방점),1394
꽁당보리밥 ,8163
아산본가민물장어 ,4408
삽교곱창 ,35
본죽 (아산배방점),35
원주통닭 (배방점),4816
솥단지 ,4147
김국진 참숯갈비 ,8163
지산갈비 ,1394
이태은의자연 ,1394
후쿠오카함바그 (AK플라자 구로본점),303
카페드마티네 (AK플라자 구로본점),1394
아웃백스테이크하우스 (AK플라자 구로본점),4408
카페라라 ,1394
어니스크 ,4816
뺑드미 (신도림점),35
다모아 ,8163
파티오 ,46
쭈꾸미에빠진날 ,1394
선향정 (AK플라자 구로본점),35
참곱돌 삼겹살 & 감자탕 ,1394
브링웰피자 (석수역점),35
도르리 ,613
치킨쥼 (석수점),1394
백화원 ,35
토박이샤브샤브 ,46
화평동왕냉면 (시흥3동점),303
효자네 ,303
본죽 (안양석수역점),35
스낵빈 (안양석수점),4147
놀부보쌈 (안양점),8163
한촌설렁탕 ,46
커피페이지 ,46
60계 (안양메가트리아점),0
7MILE ,0
양촌리 (안양동점),4816
쿄가와 ,46
피사레스토랑 ,46
기지개피자 ,8163
3대육개장 ,0
손커피연구소 ,4147
소와주 ,4147
커피룩 ,46
맛도야지 ,172
시앙차이나 ,4147
춘천명동닭갈비 ,1394
한국수 ,46
미스터쉐프포차 ,35
어진아구찜 ,4816
경춘선춘천숯불닭갈비 (부곡점),0
더스퀘어 (노보텔 앰배서더 수원),1693
24박영식등뼈찌개 ,0
라롬드빵 (AK백화점 수원점),613
하회마을포차빠 ,46
스시한판 (수원점),4147
열대야 ,4816
트라토리아식구 ,46
아다미식당 (본점),4408
청키면가 (롯데백화점 수원점),1394
바네스타코 (롯데몰수원점),35
홍익돈까스 ,303
등촌샤브칼국수 (병점점),613
화성성만무한리필민물장어 (병점점),303
퀸앤퀸즈카페 ,46
오줌장군 (병점점),4816
깔꾸리정육식당 (병점 4호점),8163
백프로스시베이 (병점점),35
신마포갈매기 (병점점),4147
을지로미인골뱅이 ,1394
홍대오빠곱창 ,303
커피냅로스터스 ,46
짜장면가 ,1394
명조한우정육식당 ,172
이오스꿀맛닭강정가마솥통닭 ,1394
장흥낙지 ,1394
사철마당 ,35
예향오리가든 ,4816
바다양푼이동태탕 (평택LG로점),35
이화원 ,1394
2대수짬뽕 ,0
산골사랑 ,35
호담 ,303
엔젤리너스 (지제역점),4816
평농푸드 ,46
대가쭈꾸미 ,8163
한방왕족발보쌈 ,46
동순원 ,613
더스토리피자 ,1693
대복중화요리 ,8163
진주회관 ,1394
명동칼국수샤브샤브 (천안성환점),172
컬투치킨 (성환사랑1호점),46
본태커피하우스 ,35
한일칼국수 ,46
청매골화로구이 ,1394
브루어스 커피 ,35
시골집얼큰한뼈해장국 ,4147
학화할머니호두과자 (천안역점),46
치킨인더키친 (천안신부점),1394
제이의꽃다방 ,1394
천안옛날호두과자 (본점),1394
마늘떡볶이 ,172
로보쿡 (천안신부점),613
팔팔닭떡볶이 ,46
메콩타이 (신세계백화점 충청점 A관),172
개봉칼국수 ,0
파파비 ,46
레시피타운 ,613
원차우 ,4816
다채 (개봉점),8163
발해양꼬치 ,35
돈까스클럽 ,613
써드포지션 ,4408
고고스커피 ,0
광장민속촌 ,0
크라이치즈버거 (심곡점),46
윤스마카롱 ,1394
브라운버터 ,35
공개정원 ,0
더국물 ,1693
부즈인부스 ,35
베스코 ,35
안나푸르나레스토랑 ,4408
유리즉석떡볶이전문점 ,4816
기다려봄 ,8163
예촌순대국 ,4816
참조은한우장터 ,1394
통큰포차 ,46
산동포자 ,35
서울식당 ,35
마포주먹고기 ,172
띵호와쉐쉐 ,613
오가찜 ,4816
국제족발 ,8163
일미소문난냉면 (본점),1394
인현통닭삼계탕 ,1394
잉글랜드왕돈까스 ,1394
싸리재 ,4147
아라베스크 ,4408
괜찮은꼬치집 ,0
고향냉면 ,0
커피정류장 ,46
백스비어 (동인천역점),35
불불이족발 (동인천역점),35
카페동네 ,1394
카페외할머니 ,46
쇼동 ,4147
광어2마리스 ,0
바나나자매 ,35
오븐크로아상 ,4816
안면도회포차 ,4408
대장군돼지부속 ,8163
빅몬스터커피 ,35
커피늘보 ,46
미켈족발집 ,35
토담골순대 ,46
조마루감자탕 (온수점),1394
약초마을 (온수점),4816
향미촌 ,46
아빠치킨 ,4408
모메존칼국수 ,172
다원국수 ,8163
탐앤탐스 (온수역점),46
파니팡니 (우신점),46
피자리아150길 ,46
알레싸 ,4408
카페 152길 ,1394
몽상가 크레이프 전문점 ,35
스카이호프 ,4147
호감 ,46
파린두스 ,46
뉴욕베이커리 ,8163
리코스퍼블릭 ,172
은행골 ,1394
메가커피 (망월사점),172
화로상회 (의정부점),303
싸리골 ,4147
투셰링불곱창 ,46
미니스트리오브커피 ,35
팡도미 ,46
스시앤리 ,4147
처갓집양념치킨 (호원점),1394
그리고옹심이메밀칼국수 ,8163
착한한우정육식당 ,1394
이젠 ,1394
제주은갈치 ,1394
돈까스갤러리 ,613
무해정생국수칼국수 ,35
티라노곱창 ,46
호식이두마리치킨 (가능점),303
앗싸곱창 ,4408
학교앞떡볶이 ,46
첸차이나 ,1394
기절초풍물닭갈비 ,8163
덕정갈비 ,613
밀밭칼국수 ,35
모먼츠 ,172
돈가네곱창 ,613
슝카롱 ,4147
덕화원 ,613
피자르방 ,46
넉넉한사람들 ,8163
독바위칼국수 ,613
치킨마루 (덕정점),1394
호수식당 ,303
삼복횟집 ,35
핫피자 ,46
커피닮다 ,46
텍사스바베큐 ,46
그집순대국 ,8163
진성식당 ,1394
라이라이 ,613
연천분식 ,4816
오륙하우스 ,4816
오근내 닭갈비 ,4816
시애틀에스프레소 ,4147
카페마마스 (용산아이파크몰점),1394
빌리엔젤 (용산아이파크몰점),35
메밀공방 ,172
미스터돈부리 (용산점),35
매드포갈릭 (용산아이파크몰점),172
계절밥상 (아이파크몰 에어쉽),0
오근내2닭구이 ,4816
칸지고고 (아이파크몰 동관),46
동흥관 ,613
떡볶이랑걸레만두랑 ,613
강강술래 (시흥점),0
하남돼지집 (시흥사거리점),46
호남손팥칼국수 ,46
더비스킷카페 ,1693
왕게수산 ,4816
은행골 ,1394
채선당 (금천구청점),1394
동네스시집 (시흥동본점),613
광명만두 ,0
미스터초밥 ,35
오블리비아테 ,4816
샤브애 (천안점),35
카페1428 ,1394
식빵공방 (두정역점),4147
한끼맛있다 ,46
마로랑 ,172
커피바이블 ,46
왓삼 ,4816
인생식당 ,1394
초밥 몬스터 ,1394
할매닭한마리 ,46
육심 (동암점),1394
속초코다리냉면 (인천동암점),4147
할리스커피 (인천동암역점),46
신토불이 ,4147
사리원 ,35
아랜역물닭갈비 ,4408
착한보쌈족발 (동암직영점),1394
수피자 (동두천점),4147
유정식당 ,1394
이공숯불구이 ,1394
쏘리소 ,4408
오뗄두스 (광화문점),4816
무교동북어국집 ,35
이나니와요스케 ,1394
라세느 (서울롯데호텔),613
부처스컷 (광화문점),35
부민옥 ,35
명동고로케 32G (본점),172
도림 (서울롯데호텔),613
이니스프리 그린카페 (명동점),1394
위고에빅토르 (롯데백화점 본점),4816
사랑방칼국수 ,35
바오차이 ,35
커피한약방 ,46
을지면옥 ,1394
만선호프 ,172
산수갑산 ,35
동원집 ,613
도이농 소고기 쌀국수 ,613
을지오뎅 ,1394
혜민당 ,46
커피니 (을지로4가역점),46
장프리고 ,1394
핀스카이 ,46
평양면옥 (본점),46
사마르칸트 ,35
해룡마라룽샤 (2호점),46
송림 ,4147
파르투내 ,46
빕스버거 (CJ푸드월드점),35
에이쓰리 아카이브 ,4816
잘루스 ,1394
완쌀국수 포완 ,4816
유래회관 ,4816
조개창고 (왕십리본점),1394
컵핑 ,46
숙성시대 ,4147
왕십리똥돼지 ,4816
카페유전 ,46
히마와리 ,303
무한장어 (왕십리점),35
토상막회 ,46
우동가조쿠 ,4816
가조쿠식당 ,0
밸런스버거 (한양대점),35
레드올리브 (파크에비뉴 한양대점),613
제이스플레이트 ,1394
니뽕내뽕 (한양대파크에비뉴점),8163
빌리엔젤 (엔터식스점),35
돈돈 (엔터식스한양대점),613
바르다김선생 (엔터식스 한양대점),35
자연별곡 (엔터식스 왕십리역점),1394
다로베 ,8163
빵의정석 ,35
밀도 (본점),35
팩피 ,46
남정네의 작은부엌 ,8163
청죽골식당 ,1394
카페성수 ,1394
하노이102 ,46
고니스 ,0
할머니의레시피 (본점),46
명봉샤브샤브양꼬치 ,172
최가커피 ,1394
꼬메노 ,8163
칼레오커피로스터스 ,46
결돈부리 ,0
해룡마라룽샤 ,46
화통소금구이 ,303
매화반점 (본점),172
Index ,0
고향양꼬치 ,0
청주명문도너츠 ,1394
불난닭발 ,35
부다페이스 ,35
먹거리집 ,172
헤르만쿠키 ,46
남원골추어탕 ,8163
가장맛있는족발 (구의역점),0
최가커피 ,1394
도쿄팡야 ,613
삼백집 (건대점),35
도치피자 ,613
더466키친 ,1693
스시텐 (강변점),4147
어반나이프 ,4816
산골닭갈비 ,35
민속손국시 ,35
메차쿠차 (광장점),172
삼월의양 ,35
황금손가락초밥 ,303
참토우 (구의점),1394
달펍오크그릴플러스펍 ,8163
토도로끼 ,46
임뻬라또 ,1394
뽀빠이분식 ,35
사월에보리밥 (잠실점),35
방콕포차 ,35
후쿠오카모츠나베 (잠실점),303
스시 N 모모야마 ,4147
정순함박 ,1394
연어식당 ,4816
파오파오 ,46
오징어세상 ,4816
초이스시 ,1394
파오파오 (잠실새내역점),46
김판조닭강정 (잠실점),8163
큰손닭한마리 ,46
꼼장군 ,8163
남경막국수 ,8163
수라선 ,4147
늘푸른목장 (잠실직영점),8163
중앙해장 ,1394
하동관 (코엑스몰),46
투뿔등심고담 ,46
이즈니베이커리 ,1394
클로리스 (코엑스몰점),46
카페진정성 ,46
브루클린더버거조인트 (삼성점),35
테이스팅룸 (코엑스몰),46
크라이치즈버거 (삼성역점),46
코나야 (파르나스몰점),46
농민백암순대 (본점),8163
뽕나무쟁이 (본관),35
몰타참치 ,35
외고집설렁탕 ,4816
경천애인 2237 (삼성점),0
마담밍 ,172
스시산원 ,4147
도쿄등심 (선릉점),613
최인아책방 ,1394
반룡산 ,35
농민백암왕순대 (역삼점),8163
빈브라더스 (강남점),35
아빠곰수제돈까스 ,4408
로리스더프라임립 ,613
우동명가기리야마 ,4816
세루리안커피 ,35
셰막 ,4147
지올리띠 ,1394
낙원타코 ,8163
부처스컷 ,35
샘밭막국수 (서울본점),35
하레 ,46
보떼가젤라또 ,35
교대이층집 (교대본점),8163
스시카루 ,4147
탐라도야지 ,46
귀족족발 ,8163
램하우스 (서초법원점),613
서초장어타운 ,35
명동곰돌이 ,172
그린고메 ,8163
신숙 ,4147
백화요란골동반 ,35
서초면옥 (교대본점),35
루스티크 ,172
어반나이트 ,4816
소프트리 (서초점),4147
카페라브리 ,1394
양문 ,4816
소연 ,4147
식목일 ,4147
크리에잇쿠키 (방배점),46
댓짱돈까스 ,8163
오페라빈로스터스 ,4816
오유니통닭 (방배역점),4816
최고집바지락칼국수 ,1394
지현샤브샤브 ,1394
일도씨닭갈비 (방배점),1394
신미경정통춘천닭갈비 ,4147
오페뜨 (방배점),4816
티에리스 ,46
초와밥 ,1394
바른식시골보쌈감자옹심이 (사당별관),35
페니커피로스터스 ,46
규스홈 ,8163
민이네식빵 ,35
본연옛날불고기 ,35
헬무트 ,46
깔리 ,8163
전주전집 ,1394
텐동요츠야 ,46
두만강샤브샤브 ,613
차이나당 ,1394
미스리부자아줌마 ,35
나인온스버거 (본점),8163
아모르미오 ,4408
리버벨 ,172
뉴욕택시디저트 ,8163
안녕베트남 ,4408
오후의과일 ,4816
오목눈이 ,4816
최희성고려왕족발 (본점),1394
낀알로이알로이 ,8163
이태리 상회 ,1394
flasK ,0
논밭골 ,8163
육진정육식당 ,1394
봉천동진순자김밥 ,35
그릿커피랩 ,8163
들깨향장수밀 ,613
깡통닭갈비 ,8163
신촌황소곱창 (신림직영점),4147
꼬주막 ,8163
마티스커피 ,172
남고집 (신림점),8163
삼촌네 ,35
만성양꼬치 ,172
전주익산 ,1394
십원집 ,4147
또순이순대 (신림본점),613
카페정 ,46
온정돈까스 (본점),4816
용팔이양꼬치 ,4816
바로브레드 (신대방역점),35
홍복루 ,303
라밥 ,613
신안갯뻘낙지 ,4147
이노찌 ,1394
신안산낙지철판해물 ,4147
5 다이닝 ,0
말뚝곱창 ,172
춘자싸롱 ,1394
낭만부대찌개 ,8163
구로곱창 ,8163
이게국수집 ,1394
베나레스 (구로디지털점),35
에머이 (구로점),4816
갓파스시 (구로점),0
메이비 ,172
최우영스시 ,1394
올드문래 ,4816
양키스 피자 ,4816
쉐프조 ,4147
라크라센타 (문래점),613
양키스그릴 ,4816
더제이케이키친박스 (문래점),1693
송원마포갈비 ,4147
칸칸엔인연 ,46
대왕곱창 (문래점),8163
쉼표말랑 ,4147
코끼리베이글 ,46
텐진라멘 ,46
이한스시 ,1394
비스트로루다카야 (본점),35
한옥집 (양평점),46
노걸대감자탕가마삼겹 (당산점),8163
더함한우골 ,346
죽변항해물포차 ,1394
더핸드 ,613
루다미일식 (본점),172
허브족발 (본점),46
서울초밥 ,35
욥 ,4816
베이커리옥토버 ,35
당산옛날곱창 ,8163
선유기지 ,35
크로미 ,46
기찻길연탄불생고기 (본점),8163
히어로멘 ,303
강남 ,0
진만두 ,1394
아날로그가든 ,4408
테일러커피 (서교 1호점),46
리틀모모야 (홍대점),172
테일러커피 (서교 2호점),46
아메노히커피점 ,4408
테일러커피 (연남 1호점),46
사월의물고기 ,35
17도씨 ,0
glt젤라또 (본점),0
한림돈가 ,46
타코로코 (본점),46
헌치브라운 ,46
독수리다방 ,613
완차이 ,4816
초코블로썸 ,1394
통큰갈비 ,46
씽킹인사이드더박스 ,4408
소신이쏘 ,4147
야바이 ,4816
티앙팡오후의홍차 ,46
까이식당 ,8163
비밀 ,35
리화인와플 ,172
미스터서왕만두 ,35
와플잇업 ,4816
후쿠스시 ,303
더데이지 ,1693
삭 (이대 본점),35
마더린러베이글 ,172
아현닭발 ,4408
파파브레드 ,46
우리식당 ,4816
미스터브리즈커피 (아현점),35
늘푸른식당 ,8163
대청마루 ,8163
테라스 ,46
이오카츠 (아현점),1394
무국식탁 편백집 ,35
위드브레드 ,4816
위드미치코 ,4816
옐로우보울 ,4816
철길떡볶이 ,1394
고릴라 ,0
충정각 ,1394
양드림식당 ,4816
입장 ,1394
깐부치킨 (충정로역점),8163
깐쪼네 ,8163
더후라이팬 (충정로점),613
목포산꽃게아구찜탕 ,35
엣촌맛고을 ,4816
까페이레 ,8163
나두밥 ,8163
연평도꽃게아구낙지 ,4816
군산아구산꽃게 ,8163
채선당 (답십리점),1394
변산반도고향집 ,35
옛고을닭한마리 ,4816
카페 파로 ,1394
송원마포갈비 ,4147
영일분식 ,4816
등촌샤브칼국수 (문래점),613
파워식당 ,46
훔친장어 ,303
무카이 ,35
능이버섯백숙 ,8163
대추나무칼국수 ,8163
난봉꾼 ,8163
문래약수터 ,35
일번지포장마차 ,1394
오르리단팥빵 ,4816
신선설농탕 (목동점),4147
산들해 (목동점),35
포레스트 카페 ,46
슈크레동 (목동점),4147
마실 (목동점),172
굳세어라 청춘이닭 ,8163
신의주찹쌀순대 (양천점),4147
히노야마 ,303
살구나무집칼국수 ,35
황소곱창구이 ,303
언니김밥 ,4816
미가참숯불갈비 ,35
황금참치 ,303
미스터회전초밥왕 ,35
이가네멧돌빈대떡 ,1394
고을래 (신정점),0
24시 누름돌 생고기 김치찌개 ,0
할리스커피 (신정네거리점),46
한우통 ,46
한우마을 ,46
지니스테이블 ,1394
고기익는마을 ,0
아리랑식당 ,4408
소들유통 ,4147
한국집식당 ,46
고기선수촌 (마장점),0
숯불탁탁 ,4147
대양숯불갈비 ,8163
커피볶는곤이네집 ,46
장금수부대찌개 (까치산역점),1394
다시오는순대국 ,8163
밥맛나는세상 (까치산역점),35
제주고기국수 ,1394
한수치킨 ,46
원조양평신내서울해장국 ,4816
스시쇼쿠닌 ,4147
피아띠스파게티전문점 ,46
이스탄불숯불바베큐 ,1394
미미국수 ,35
바오쯔 ,35
브레드디 ,35
오챠드1974 ,4816
국수가좋아 ,8163
신당동막내아들네 ,4147
신당동천팥죽 ,4147
마복림원조할머니집떡볶이 ,172
우정 ,4816
만경식당 ,172
자그마치 ,1394
성수족발 ,35
소문난성수감자탕 ,4147
어니언 ,4816
핑거팁스 ,46
놀란치킨 ,8163
미즈라 ,35
원산면옥 ,4816
제주국수 ,1394
Haru & One day ,0
파티세리김영모 (잠실에비뉴엘점),46
파스퇴르 밀크바 ,46
도쿄등심 (잠실점),613
스테이 ,4147
라세느 (롯데호텔월드),613
르빵 (롯데월드몰점),172
이성당 (롯데백화점 잠실점),1394
겟썸커피 ,0
팔라쪼 ,46
하카다분코 (잠실점),46
카페413프로젝트 ,1394
파티세리바이가루하루 ,46
육전식당 (4호점),1394
지아니스나폴리 (역삼 본점),1394
크리에잇쿠키 (역삼점),46
대우부대찌개 ,8163
봉된장 (본점),35
클로리스 (강남파이낸스센터몰점),46
진가와 (한국본점),1394
고갯마루집 ,0
더은교 ,1693
무삥과팟타이 ,35
차이나당 ,1394
아모르미오 ,4408
쟝블랑제리 ,1394
가빈커피로스터스 ,0
엘따뻬오 ,4816
푸다기 (낙성대점),46
김창일스시 ,8163
동네아저씨치킨 ,613
카페 이졸레 ,1394
봉선마라탕 ,35
줘마양다리구이 ,1394
왕기마라향과 ,4816
홍중샤브뷔페 ,303
채선당 (대림점),1394
귀복루주가 ,8163
대림원조마늘통닭 ,8163
변강성가자미 ,35
화룽마라룽샤 ,303
땅코참숯구이 ,613
팜티진 ,46
푸줏간생고기점 ,46
쟈오쯔 (왕십리점),1394
짱고기 ,1394
엽기꼼닭발 ,4816
키커피 컴퍼니 ,46
뺑드미 ,35
봉순이네다락방 ,35
곱창하우스 ,0
콩당콩당 ,46
나폴레옹과자점 (잠실점),8163
대호갈비 ,8163
엘샤다이과자점 ,4816
브레쉬애비뉴 (우성아파트점),35
왕게수산킹크랩전문점 ,4816
슬로우커피1012 ,4147
스타벅스 (아시아선수촌점),4147
유원 ,1394
선우가 ,35
옥동식 ,4816
크레이지카츠 ,46
카밀로라자네리아 ,1394
오스테리아샘킴 ,4816
포비 (합정점),46
이치류 (홍대본점),1394
류지 ,172
야마뜨 ,4408
퓨전선술집 ,46
오레노라멘 ,4816
다시올치킨 ,8163
한양촌 ,46
타이인플레이트 ,46
다이꼬지 (한양대점),8163
미네스키친 ,35
카페우유니 ,46
종점토스트 ,1394
타쿠 ,46
소문난보배곱창 ,4147
더스토리지 ,1693
백년옥 (본점),35
루엘드파리 ,172
곰포차 ,0
봉산옥 ,35
마담버터플라이 ,172
스시환 ,4147
우작설렁탕 ,4816
목천집 ,172
고종의아침 ,0
허수아비돈까스 (서초점),46
프릳츠커피컴퍼니 (3호점),46
임병주산동칼국수 (본점),1394
방파제횟집 ,35
황재벌 ,303
크롬바커하우스 (양재점),46
디오디아 ,613
국미당 ,8163
타이쇼 ,46
강촌원조쭈꾸미 ,0
금강수림 ,8163
브라운브레드 (도곡점),35
마켓오 (도곡점),172
스타쉐프 ,4147
카페진정성 ,46
브라운핸즈 (도곡점),35
DOMA ,0
부첼라 (매봉점),35
포브라더스 (도곡점),46
스시카와 ,4147
도연하다 ,613
김영모과자점 (도곡타워점),8163
바켄 (타워팰리스점),35
카페톨릭스 ,46
안남 ,4408
노비아에노비오 ,8163
호수삼계탕 (도곡동직영점),303
야마모토스시 (도곡동점),4408
하겐다즈 (도곡타워팰리스점),46
우리네코다리 ,4816
그안 ,8163
스톤밀 ,4147
파티세리김영모 (대치점),46
우리네코다리 ,4816
엠브이샤브샤브 ,4816
더브라운 ,1693
봉피양 (대치점),35
나폴레옹과자점 (대치점),8163
베스타 ,35
육판장 ,1394
사월에보리밥 (대치점),35
서평기사식당 ,35
어셈블리커피 ,4816
카페알케미 ,1394
서울고로케 ,35
비첼 ,35
본가 (일원점),35
치어스 (일원점),1394
나나 (본점),8163
카페인더무드 ,46
청송일식 ,1394
아티제 (일원점),4408
치어스 (일원점),1394
나나 (본점),8163
초원양꼬치 ,1394
돈우마루 ,613
복대감 ,35
교토참치 ,8163
개성칡냉면 ,0
사또양념치킨 ,35
제주탐하리 ,1394
하남돼지집 (수서역점),46
슈퍼커피 (수서점),4147
포메인 (수서점),46
제주몬트락 (수서직영점),1394
깐부치킨 (수서역점),8163
203 갈비해물집 ,0
59년왕십리포차 ,0
구찌라쿠 ,8163
애란궁 ,4408
조선면옥 ,1394
쌜모네키친 ,4408
파란달의 커피볶는집 ,46
함경도찹쌀순대 ,46
킹카롱 ,46
씨앤모아 (송파점),4408
진성한우곱창 (가락시장점),1394
금바위감자탕 ,8163
화포식당 (가락점),303
유타로 (가락점),1394
설빙 (가락시장역점),35
홍종흔베이커리 ,303
가락골마산아구찜 ,0
착한낙지 (송파점),1394
한락원 ,46
일로스페인 ,1394
아사네커피 ,4408
선궁 (가락점),35
캄더커피랩 ,46
프랭크서울 (경찰병원역점),46
백년교동짬뽕 (송파점),35
프롬더빈 ,46
윤화돈까스 (오금직영점),1394
스시바오 ,4147
부산복집 (오금동점),35
영사미 ,4816
커피앰비언스 ,46
독천낙지골 ,613
멘카야 ,172
오누이손만두 ,4816
고향산천 ,0
구파발,8163
스프링그린 ,4147
안스베이커리 (롯데몰 은평),4408
채선당 (은평뉴타운점),1394
HUGA ,0
바른스시 (롯데몰 은평점),35
수수가든카페 (롯데몰 은평),4147
캘리포니아피자키친 (롯데몰 은평),46
면채반 (롯데몰 은평),172
중식당 청화당 (롯데몰 은평),1394
도레도레 (롯데몰 은평),613
코피티암 ,46
불오징어집 ,35
커피볶는고양이 ,46
세이지 ,4147
보들이족발 ,35
수정불막창 ,4147
목노집 ,172
호박 ,303
카도야라멘 ,1394
H3 비스트로 ,0
허니돈 ,46
중화원 ,1394
불광떡집 ,35
종로떡집 ,1394
테루 ,46
강용구족발보쌈 (본점),0
만선 ,172
술집타디스 ,4147
호야네 양꼬치 ,303
반궁 (NC백화점불광점),35
부자냉면부자만두 (녹번점),35
우주미 ,4816
모두와돈까스 ,172
서부감자국 ,35
경복궁 (녹번점),0
오니기리와이규동 (은평구청점),4816
59년옛날통닭 ,0
쌀국수마을420 ,4147
녹번꼼장어 ,8163
장충당 (녹번점),1394
하이드미플리즈 ,46
주재근베이커리 ,1394
산천마루 ,35
프론토 ,46
3호선차이나 ,0
창신동매운족발 ,1394
월출산생오리전문점 ,4816
왕봉24시해장국 ,4816
즉석우동국수(골목집) ,1394
골목스푼 ,0
동보성 ,613
무악해물찜탕 ,35
한도올 ,46
마네키 ,172
오케이치킨 (홍제점),4816
민영이네 ,35
포메인 (홍제점),46
우치노마치 초밥 ,4816
일품향 ,1394
왕십리곱창천하 ,4816
대성집 ,8163
달인꽈배기 ,8163
원조떡볶이 ,4816
엄마김밥 ,4816
돈박 ,613
메콩싸롱 ,172
참나라 (독립문점),1394
피자리또 ,46
파파존스피자 (독립문점),46
영천 떡볶이 ,4816
사랑방칼국수 ,35
다시열린하얀집 ,8163
동대닭한마리 ,613
필동면옥 ,46
충무로쭈꾸미불고기 ,1394
파스타노 ,46
파스타마켓 ,46
반반국수 ,35
이태리식당 ,1394
딸깍발이 ,613
더파크뷰 (서울신라호텔),1693
더라이브러리 (서울신라호텔),1693
아리아께 ,4408
평안도족발집 ,46
패스트리부티크 ,46
팔선 (서울신라호텔),46
태극당 ,46
도치피자 (장충점),613
말뚜기족발보쌈 ,172
송림 ,4147
투떰즈업 ,46
귀일만두 ,8163
목화다방 ,35
도네누 (금호점),613
일미향 ,1394
춘풍월 (금호점),1394
메그엔스튜디오 ,172
태오커피 ,46
돼지미학 ,613
베쌀집 ,35
더코너키친 ,1693
아니스 ,4408
일품생고기 ,1394
모찌모찌 ,172
알프키친 ,4408
심플십 ,4147
한남일류초밥 ,46
항구도시연구소 ,46
부부요리단1탄 제주흑돼지갑오징어 ,35
이스파이 ,1394
노아베이커리 (압구정점),8163
로이스 (압구정점),613
씨네드쉐프 (압구정점),4408
포도식당 ,46
일일향 (1호점),1394
키라메쿠텐동 (현대백화점 압구정본점),46
고물 (현대백화점 압구정점),0
몽슈슈 (현대백화점 압구정점),35
하니앤손스 (현대백화점 압구정점),46
메이드 ,172
쁠로13 ,35
가티 ,0
굴드커피 로스터스 ,8163
한성돈까스 ,46
닭한마리감자탕 ,8163
램쿡 ,613
수수커피 (가로수길점),4147
목포집 (1호점),35
신사소곱창 ,4147
신사양꼬치 ,4147
베이크치즈타르트 (신세계백화점 강남점),35
RAPL ,0
쟈니로켓 (신세계백화점 강남점),1394
몽샹82 ,35
젤라띠젤라띠 (파미에스테이션),1394
하트타임 ,46
살바토레쿠오모 (신세계백화점 강남점),35
호경전 (신세계백화점 강남점),46
딘앤델루카 (신세계백화점 강남점),613
데블스도어 (파미에가든),613
원당대박순대국 ,4816
플레이스205 ,46
황인호의원당수제고로케 (원당본점),303
진땡이 (신원당점),1394
벙개막창 (원당점),35
불곱창시즌1 ,35
커즌비 병맛커피 ,46
오사카탕수육 ,4816
스시619 ,4147
묵호수산횟집 ,35
윤선희의평양냉면 양각도 ,1394
메이앤슈가 ,172
모란각 (일산점),172
519브런치룸 ,0
만뽀 ,172
삿뽀로  (백석점),35
제이스버거 (본점),1394
카페베르 (고양터미널점),1394
비 데어 ,35
장수토종삼계탕 ,1394
군원 ,8163
심플리브레드 ,4147
대동관 ,8163
애슐리 (뉴코아아울렛 일산점),4408
아사히 ,4408
티파니레스토랑 ,46
서울황소곱창 ,35
해물촌조개구이 ,46
미참치 ,35
토오루 ,46
스모스시 (본점),4147
브레드앤밀 ,35
오향선 (본점),4816
원조쌈밥집 (주엽점),4816
오크셔 통돼지철판 ,4816
오떡 (주엽점),4816
샐러드트리 (일산점),35
카페비앤유 ,1394
미소야 (일산주엽역점),35
밀탑 (현대백화점 킨텍스점),35
서동관 ,35
을밀대 (일산점),1394
슈라즈케이크 ,4147
남궁 (본점),8163
육대장 (일산대화점),1394
황금똥빵 (본점),303
트리플제이 ,46
더 트러플 ,8163
가야밀면 ,0
쭈문진 ,1394
리스토어 커피 ,172
커피작법 ,46
장가계 ,1394
드웰디자인카페 ,613
송스키친 ,4147
하루애 ,46
꼬뜨블렁쉬 ,8163
셰프들의수다 ,4147
불타는꿀꿀이 ,35
비엔나커피하우스 (원흥역점),35
아드망 ,4408
불타는소금구이 ,35
홍능갈비 ,303
호치킨 (고양삼송역점),303
홍천산마치고개닭갈비 ,303
미스터꼬끼오 ,35
김민철수제족발 ,8163
고향칼국수 ,0
대원갈비 ,8163
오가네 ,4816
원기보신탕 ,4816
지향한우마을 ,1394
가야고기 ,0
더아이스크림앤모어 (일산웨스턴돔점),1693
카페소비 ,1394
포폴로 피자 ,46
터치아프리카 ,46
지느러미 ,1394
레오네 ,613
자연초밥 ,1394
로얄인디아 (라페스타점),613
노천드럼통 (일산본점),8163
착한곱창 ,1394
폴앤폴리나 (광화문점),46
오가와 ,4816
파네트크루아상팩토리 ,46
광화문오향족발 ,0
서촌김씨 ,35
에버델리 ,4816
서촌계단집 ,35
빚짜 ,35
누하동 주스바 ,8163
영화루(공사중) ,4816
깡통만두 ,8163
브라세리인스페이스 ,35
비엣꽌 ,35
자작나무이야기 ,1394
프릳츠커피컴퍼니 (2호점),46
안국 153 ,4408
정선할매곤드레밥 ,1394
스토9 ,4147
한가네불고기 ,46
레이어드 ,613
만포막국수 ,172
진남포면옥 ,1394
약수순대국 ,4816
하이디하우스 (1호점),46
토리아에즈 ,46
화수분베이커리 ,303
장다리 ,1394
리사르커피로스터스 ,172
커피공장 ,46
빵굼터 ,35
거목정육식당 ,0
킹콩커피 ,46
제이에스가든 (잠원점),1394
사또치킨 ,35
잠원떡볶이 ,1394
세븐스프링스 (잠원점),35
취향 ,1394
아티제 (잠원 파스텔점),4408
매드포갈릭 (잠원점),172
아리수포차 ,4408
진지방순대국 (대치점),1394
다낭월남쌈 ,8163
메밀랑 ,172
남경반점 ,8163
미소야 (대치점),35
스타벅스 (학여울점),4147
을지로골뱅이 ,1394
안준수곤드레밥 ,4408
목우촌 (대치점),172
크림디저트샵 ,46
화정족발 (본점),303
민쿡다시마 ,35
스시메이진 ,4147
라라코스트 (화정점),613
쿠우쿠우 (화정점),46
육쌈냉면 (화정점),1394
원조쌈밥집 (화정역점),4816
부추곱창 (일산점),35
민쿡의080부대찌개 ,35
우리집곱창 ,4816
고기촌수라상 ,0
엄마손칼국수 ,4816
신통치킨 (당고개점),4147
당고개아구찜 ,8163
원조솥뚜껑생삼겹살 ,4816
마들사철탕 ,172
옛날맛순대국 ,4816
춘천골닭갈비 ,1394
육갑촌 ,1394
돈까스먹는용만이 ,613
노걸대감자탕가마삼겹 (노원점),8163
사카나 ,35
채선당 (중계점),1394
송화강식당 ,4147
도리연닭도리탕 ,613
홍화불닭 ,303
전씨네선술집 ,1394
봉평메밀막국수 ,35
시골순대 (상계점),4147
시드누아 (노원본점),4147
마쯔무라돈까스 (노원역점),172
구법원 ,8163
노원목고기집 ,8163
털보고된이 ,46
E9선생 ,0
쯔이코 ,1394
디저트카페바미 ,613
핏짜굽는언니 (노원역점),46
이자카야모리 ,1394
가배미혼 ,0
노말키친 ,8163
쌍문역파스타 ,4147
동적불고기 (1호점),613
쌍문동판다쓰 ,4147
스시혼 ,4147
스시화 ,4147
산사로 ,35
곰파곰파의 뜨라또리아 ,0
라스커피 ,613
플레이버 ,46
귀품찬 ,8163
피디스 ,46
라보엠 ,613
페넬로페 ,46
스시도리 (수유점),4147
상미규카츠 ,35
석관동떡볶이 (수유점),35
유리갈비 ,4816
정스시 ,1394
카페로니 ,1394
어니언 ,4816
짱곱창 ,1394
태릉솔밭갈비 ,46
우이동 멸치국수 ,4816
와겐커피 (본점),4816
고향산천 ,0
스시광 ,4147
마루벌돌구이 (미아점),172
청양육개장 (미아직영점),1394
벤투라커피로스터스 ,35
토다이 (미아점),46
일도씨닭갈비 (미아점),1394
장수감자탕 ,1394
왕빈자삼파전 (본점),4816
제일분식 ,1394
한잔 ,46
키쉬미뇽 ,46
삼덕식당 ,35
일미집 ,1394
불난집 ,35
채선당 (길음점),1394
갈비명가이상 ,0
갈비명가이상 (돈암본점),0
길음동 스마일 명품 찹쌀 꽈배기 ,8163
난이네곱창 ,8163
복돼지마을 ,35
초밥특공대 ,1394
하나둘둘셋 ,46
사이야 (길음역점),35
휘스커 ,303
돈가래 ,613
나폴레옹과자점 ,8163
하단 ,46
목바 ,172
국시집 ,8163
꿀맛식당 (본점),8163
옛날중국집 ,4816
스시산 ,4147
시노다야이자카야 ,4147
믹스앤몰트 ,35
정돈 ,1394
카페키이로 ,46
독일주택 ,613
명륜건강원 ,172
블루룸 ,35
깔리 ,8163
나누미떡볶이 ,8163
은행골초밥 ,1394
호호식당 ,303
보버라운지 ,35
란주칼면 ,613
명동영양센터 ,172
배터리파크 (명동점),35
루프탑바플로팅 ,172
주유별장 (명동점),1394
명동피자 ,172
금산제면소 ,8163
호미빙 (명동본점),303
프리모바치오바치 (명동2호점),46
비스테카 (신세계백화점 본점 신관),35
은호식당 (본점),1394
크레마디몬타냐 (신세계백화점 본점 신관),46
가메골손왕만두 ,0
닭진미강원집 (본점),8163
막내회집 ,172
로이즈 (신세계백화점 본점 신관),613
베키아에누보 (신세계백화점 본점),35
카페 피크닉 ,1394
왕대박지지미촌 ,4816
현선이네 (본점),46
야스노야 (신용산점),4816
현대본가 ,46
삼각정 ,35
시후쿠 (1호점),4147
명화원 ,172
원대구탕 ,4816
카페시도 ,1394
한강집 ,46
대원식당 ,8163
북천 ,35
현선이네 (본점),46
야스노야 (신용산점),4816
카페알토 바이 밀도 ,1394
일일향 ,1394
기차길옆초밥 ,8163
하나야 ,46
컴컴베이커리 ,46
현선이네 (신용산점),46
모나미카레 ,172
동빙고 ,613
스즈란테이 ,4147
헬카페 스피리터스 ,46
소바야청담 ,4147
아지겐 (본점),4408
미나미 ,35
하프파스트텐 ,46
솔낭구 ,4147
와세다야 (이촌본점),4816
국화 (동부이촌점),8163
카페람베리 ,1394
기꾸 ,8163
커피프레지던트 ,46
카페꼰띠고 (방배점),1394
봇타야산 ,35
치뽈라 ,1394
닥터로빈 ,8163
롤링핀 (방배점),613
파크루안 ,46
개미식당 ,0
마리아정 레시피 ,172
브라운그릴 ,35
낙지먹자 ,8163
대공원 포도밭 ,8163
행복찹쌀떡 (과천점),46
홈스테이크 ,303
아지트 ,4408
우리떡방앗간 ,4816
오성감자탕 ,4816
바니양념치킨 ,35
떡고을 ,613
관악식당 ,0
순대나라 ,4147
티투 ,46
하와이식당 ,46
김밥과스파게티 ,8163
프라비다 ,46
콩나물해장국 ,46
오성양꼬치 ,4816
성신반점 인덕원양꼬치 ,35
홍운각 ,303
남부식당 ,8163
이대감우리소 ,1394
갓플레이스 ,0
라멘 키분 ,613
철든놈 (범계점),1394
쿠마 ,46
와플블래스 (범계점),4816
한스케익 (평촌점),46
보메비체 ,35
부추삼겹살 ,35
마초쉐프 ,172
매드포갈릭 (안양 범계점),172
아웃닭 (범계점),4408
카페더치즈케이크 ,1394
만들기 전문점 ,172
비비스토리 ,35
산쪼메 (산본점),35
옥상식당 ,4816
커피볶는집마실 ,46
더식당 ,1693
크래프트한스 (산본점),46
긴자 ,8163
교동전선생 (군포산본점),8163
봉평메밀막국수 ,35
유가네들깨수제비 ,4816
착한고기 (대야미점),1394
군포농장보신정 ,8163
솔향기 ,4147
에벤에셀분식나라 ,4816
낙원떡방앗간 ,8163
피자스쿨 ,46
청학골도야지 ,1394
만나와메추라기 ,172
전주콩나물국밥 콩나물낙지볶음 ,1394
왕손쌈밥 ,4816
이동닭한마리칼국수 ,1394
좋은아침PASTRY (안산점),1394
명품쭈꾸미 ,172
오늘도숯불화덕구이 ,4816
동산떡집 ,613
깐부치킨 (상록수역점),8163
시골우렁쌈밥 ,4147
서현닭발 ,35
쉬림프라운 ,4147
지수사 ,1394
서가앤쿡 (안산중앙점),35
써니데이서비스 ,4408
라라코스트 (안산중앙점),613
돈돈 (안산점),613
신선설농탕 (안산점),4147
할리비어 (안산고잔점),46
토레로 ,46
메종드케이크 ,172
쉐프스라운지 ,4147
로맨틱스탠다드 ,613
아오모리 ,4408
김제한우 ,8163
알페인 ,4408
염대감나주곰탕 ,4816
더미디움 ,1693
진성관 (안산점),1394
뮤트라운지 ,35
이윤정의낙지한마리수제비와보쌈 (고잔점),1394
베트남고향식당 ,35
소담떡 ,4147
팟타이 ,46
뉴타지마할 ,8163
수왈레스토랑 ,4147
늘푸른집 ,8163
도일로60.15 ,613
칸티푸르레스토랑 ,46
뚱보꼬치 ,613
사마리칸트 ,35
늘푸른집 ,8163
여자말을잘듣자 ,4816
도일로60.15 ,613
한짬뽕 (신길점),46
한우리농장 ,46
하오란짬뽕 ,46
청룡관 ,1394
대가떡집 ,8163
쭈노떡볶이 (거모점),1394
복성순대국 ,35
송이족발 ,4147
미래복아구찜 ,35
남경관 ,8163
신마포갈매기 (시화세종점),4147
맘스터치 (시화신도시점),172
한스델리 (시흥세종점),46
낙원복떡집 ,8163
씨사이드레스토랑 ,4408
이바돔감자탕 (세종점),1394
어부와바다 ,4816
피자몰 (산본점),46
돌로미티아이스크림 (산본점),613
더카페 (뉴코아아울렛 산본점),1693
태조감자국 ,46
버거파크 ,35
애정마라샹궈 (1호점),4408
메종드루즈 ,172
제순식당 ,1394
백두산양꼬치구이 ,35
갱상도갱양식 ,0
본크레페 (성신여대점),35
쓰리로보스 ,4408
태조감자국 (성신여대점),46
스티키리키 ,4147
구복만두 ,8163
막걸리담 ,172
림벅와플 ,172
야사시키친 ,4816
때가이르매 ,613
후디구디 ,303
서지스테이크 ,35
다스티 N Y ,8163
까치네 ,8163
엘올리보 ,4816
오페뜨 ,4816
선바위메밀장터 ,35
카페아제타 ,1394
뒷골면옥 ,613
신가네광양불고기 ,4147
소토보체 ,4147
카페그레아틀리에 ,1394
논현김밥 ,8163
봉덕칼국수 ,35
동다송 ,613
뽕잎마루 (과천점),35
경마장오리집 ,0
함지가든 ,46
내고향가마솥 ,8163
프롬더어스 ,46
라온식탁 ,613
셀에수크레 (본점),4147
코삐 ,46
메콩타이 (과천점),172
오븐에빠진닭 (과천점),4816
사보텐 (과천점),35
홍샤오 ,303
닐리 (별양점),8163
플로라 ,46
카페디쉬 ,1394
라멘 키분 ,613
티라펠리체 (롯데백화점 평촌),46
철든놈 (범계점),1394
팔덕식당 ,46
건강담은 ,0
서가앤쿡 (안양범계점),35
통통이불족발 ,46
어스키친 ,4816
와플블래스 (범계점),4816
최정민낙지마당 ,1394
일보스코 ,1394
포청천 ,46
대성각 ,8163
카페포레스트 ,46
산들애 ,35
장어가 ,1394
골목집 ,0
피자필 ,46
엄청난회집 ,4816
에비수 ,4816
포지타노 ,46
브라운돈까스 (한양대ERICA점),35
포냐향 ,46
행복한 커피&다이닝 ,46
뜨락 ,613
취해 ,1394
좋은아침과자점 ,1394
이동닭한마리칼국수 ,1394
Tarte Blossom ,0
소담떡 ,4147
우성생고기 ,4816
미림떡집 ,35
엄지천년교동짬뽕 ,4816
송주불냉면 ,4147
시월애 ,4147
신토불이두부마을 ,4147
만리장성 ,172
느티나무 ,8163
황후 ,303
후레쉬 초이스 ,303
살찌는케이크 ,35
스시오야붕 ,4147
자금성 ,1394
의리치킨 (3호점),1394
신전떡볶이 (시흥정왕점),4147
어묵마을 ,4816
맹구분식 (시흥점),172
즐겨찾기 ,1394
양푼이갈비찜 ,4816
고성막국수 ,0
사모님짬뽕 ,35
정겨운오뎅집 (방화역점),1394
신촌기사식당 ,4147
더 팬 1913 ,8163
밥으로 맺은 정 ,35
티아마트 ,46
서천영양탕 ,35
동화마을잔칫날 (직영1호점),613
원조이모포장마차 ,4816
원조나주곰탕 ,4816
더웨스트햄릿 ,1693
채선당 (방화점),1394
알볼로 (방화점),4408
콩두 (방화점),46
육손곱창전골 ,1394
오주방 ,4816
서울양대창 ,35
허니힐베이커리 ,46
대원각 ,8163
리틀사이공 (김포공항점),172
파스퇴르 밀크바 ,46
헤븐온탑 (김포공항점),46
안스베이커리 (롯데백화점 김포공항점),4408
사이드쇼 (롯데몰김포공항점),35
코코이찌방야 (롯데몰 김포공항점),46
딘타이펑 (롯데백화점 김포공항점),613
폴바셋 (롯데백화점 김포공항점),46
사보텐 (롯데백화점 김포공항점),35
프리가프리미엄 (롯데백화점 김포공항점),46
르헤브드베베 ,172
카이조쿠 ,1394
카페 콜럼버스 ,1394
카페움플레이트 ,46
순수커피 ,4147
한우정곰탕 ,46
규스커피 ,8163
스타벅스 (마곡지엠지점),4147
커피베이 ,46
브런치팩토리 ,35
발산삼계탕 ,35
백두한우곱창 ,35
광주똑순이 (본점),0
더블랙 ,1693
강릉엄지네꼬막집 ,0
스즈란테이 ,4147
유메스시 ,4816
부부칼국수만두 ,35
배꼽집 ,35
맛찬들왕소금구이 (발산점),172
파란리본고양이 ,46
육화몽 (우장산역점),1394
아이엠키친 ,4408
충북식당 ,1394
미소야 (우장산역점),35
순희네빈대떡 (우장산역점),4147
준스시 ,1394
메밀이랑면이랑 ,172
봉평이네메밀막국수 ,35
메가커피 ,172
맛거리 ,172
자연과함께한칼국수 ,1394
기와스시 ,8163
라라코스트 (화곡역 메가스퀘어점),613
오재영스시 ,4816
메리하하 ,172
참한아구 ,1394
스테이크레이브 (화곡점),4147
일층집부대찌개 ,1394
오남매닭갈비 ,4816
파티세리소나 ,46
황금오리농장 ,303
황소곱창구이 ,303
초가집부뚜막청국장 (신정동 직영점),1394
본차이나 ,35
봉평막국수 ,35
두원집 ,613
카페쿤츠 ,46
스타벅스 (신정DT점),4147
서라벌한정식 ,35
아모르버터 ,4408
에페커피 ,4816
신세카이 ,4147
한스 (목동점),46
옛날마차 ,4816
연어&멘 ,4816
죠스떡볶이 (목동역점),1394
서가앤쿡 ,35
달달애 ,8163
도네누 (목동오거리점),613
푸오꼬 ,46
일미락 (목동점),1394
오목집 (목동점),4816
라고파스타 ,613
스시쇼 ,4147
닥터로빈 (목동점),8163
카페마마스 (현대백화점 목동점 U-Flex),1394
스시다마 ,4147
에프스토리 ,4816
임꺽정김치찌개 ,1394
영원식당 ,4816
하쯔호 ,46
에릭케제르 ,4816
워킹온더클라우드 (63빌딩점),4816
63뷔페 파빌리온 ,0
슈치쿠 (63빌딩점),4147
고메브레드 ,0
백리향 (63빌딩점),35
희정식당 ,303
브레드05 ,35
핑하오 ,46
알토브레드 ,4408
프릳츠커피컴퍼니 (1호점),46
조박집 ,1394
산동만두 ,35
역전회관 (본점),4816
갈스시 ,0
원마산아구찜 ,4816
치킨혁명 ,1394
이요이요스시 (2호점),1394
정대포 ,1394
정미 (본점),1394
문스타파 ,35
양지설렁탕 ,4816
무삼면옥 ,35
하하 (공덕점),46
청년장사꾼감자집 (4호점),1394
탑클라우드23 ,46
굴다리식당 (본관),8163
신성각 ,4147
황금콩밭 ,303
아현동간장게장 ,4408
송백부대찌개 ,4147
하오밍 ,46
태복 ,46
행화탕 ,46
메이탄 ,172
치킨처럼 (아현점),1394
군계일닭 (애오개점),8163
올어바웃카페 ,4816
루소랩 (정동점),172
더스푼 ,1693
서대문족발 ,35
물뛴다 ,35
카페마마스 (서소문점),1394
끼아로젤라떼리아 ,8163
띵스체인지 ,613
허수아비돈까스 (정동점),46
비스테이크 ,35
한옥집 (서대문본점),46
폴앤폴리나 (광화문점),46
오뗄두스 (광화문점),4816
찰스에이치 ,1394
더미 (광화문 본점),1693
오가와 ,4816
파네트크루아상팩토리 ,46
광화문오향족발 ,0
포비 ,46
부처스컷 (광화문점),35
힐사이드테이블 ,303
녹동뻘낙지 ,8163
하이가쯔 ,46
스담 ,4147
원조짜장떡볶이 ,4816
마네키네코 ,172
전주순대국 ,1394
시골청국장 ,4147
하누에뜰 ,46
다루다 ,8163
이화원 ,1394
금호불고기 ,8163
운비족발 ,4816
곤드레쌈밥집 (금호점),0
홍짜장 (신금호역점),303
상주한우 ,35
닭한마리칼국수 ,8163
신금호떡집 ,4147
홍스쭈꾸미 (신금호점),303
호치킨 (신금호역점),303
해물명가 ,46
닌자초밥 (행당점),8163
행당개인카페 ,46
깐부치킨 (행당역점),8163
다슬이네 ,8163
청춘극장 ,1394
만두전빵 ,172
신사 ,4147
오코노미야끼 ,4816
강정구의피자생각 (성동점),0
짬뽕상회 (행당점),1394
목포산꽃게아구찜탕 ,35
한우고향 ,46
화로구이 (마장점),303
연평도꽃게아구낙지 ,4816
군산아구산꽃게 ,8163
심가네한우고집 ,4147
삼포집 (마장역점),35
네네치킨 (한양점),8163
황귀닭곰탕마장 (본점),303
마장감자탕 ,172
대한닭발1979 ,8163
스시긴 ,4147
디어테이블 ,613
일미간장게장 ,1394
장안정 ,1394
짬뽕타운 24시 ,1394
고봉민김밥인 (장안점),0
양대창구이전문점 왕십리 ,4816
로이앤벨라 ,613
항방양육관 ,46
이이요 ,1394
초이고야 ,1394
LAB41 ,0
리틀톡스커피 ,172
대한곱창 (군자점),8163
라멘미세 ,613
카페래디언트 ,1394
피자컴퍼니 ,46
마리모 ,172
바나나토크 ,35
아차산할아버지 ,4408
소바쿠 ,4147
시드누아 (중곡점),4147
신토불이떡볶이 ,4147
김병진베이커리 ,8163
메종드타르트 (본점),172
순금이떡볶이 ,4147
안다즈커피 ,4408
망향비빔국수 (광진점),172
스시산 ,4147
블랑제리 11 17 ,35
아키노유키 (본점),4408
쭈꾸쭈꾸쭈꾸미 (본점),1394
보타이 ,35
족발선생 ,1394
영춘똥꼬닭발 (천호본점),4816
비스트로메타포(공사중) ,35
천호쭈꾸미 ,1394
미니회바 ,35
강동KD 부대찌개나눔터 ,0
율베이커리 ,1394
모범떡볶이와수제돈까스 (길동점),172
오페뜨 (강동역점),4816
오형제손짜장마을 (강동점),4816
한촌설렁탕 (강동점),46
깐부치킨 (길동점),8163
강동호치민 ,0
하람김밥 ,46
한신포차 (길동점),46
치어스 (강동역점),1394
외계인커피 ,4816
유나미네즉석떡볶이 ,4816
깐부치킨 (길동점),8163
베프상회 ,35
한신포차 (길동점),46
모리식당 ,172
서울커리 ,35
요술 ,4816
빈터커피로스터스 ,35
영화정해장국 ,4816
테마라면 ,46
명일원조닭발 ,172
비바폴로 (열매점),35
등촌샤브칼국수 (명일점),613
원조쌈밥집 (명일점),4816
치어스 (명일점),1394
꾸러기분식 ,8163
브레드앤밀 ,35
마포갈비 ,172
Mul Bar ,0
메콩타이 (고덕역점),172
깐부치킨 (고덕역점),8163
카모메 (고덕역점),1394
농협안심한우 (고덕역점),8163
빕스 (고덕역점),35
스푼더마켓 (고덕역점),4147
신의주찹쌀순대 (고덕역점),4147
놀부부대찌개&철판구이 (고덕역점),8163
피쉬앤그릴 (고덕역점),46
카쿠 ,1394
백년화편 ,35
온온 ,4816
제주아줌마집 ,1394
피에로커피 ,46
휘스펍 ,303
오또상키친 ,4816
다빈치벡터파크 ,8163
카페메종드한 ,1394
에이컷스테이크 (올림픽공원점),4816
썸씽에스프레소 ,4408
봉피양 (방이점),35
스타쉐프 바이 후남 (방이점),4147
포유티 ,46
큐스시 ,46
농부의꿈 ,8163
벽제갈비 (방이본점),35
뽀르타블루 ,35
프로퍼커피바 ,46
금왕평양면옥 ,8163
단풍애김밥 (개롱역점),8163
신서방부대고기 ,4147
연화산 (개롱점),4816
본죽 (개농역점),35
죠스떡볶이 (개롱역점),1394
커피볶는집애즈 ,46
비트윈옐로우 ,35
알레아파리 (본점),4408
데브짱 ,613
정스시 ,1394
동촌보리밥돈까스 ,613
채선당 (거여점),1394
인키친 ,1394
베트남쌀국수 ,35
딱좋아 ,613
뮤지키사운드 ,35
양곱막 ,4816
김씨네명가국수 & 불냉면 ,8163
은혜곱창 ,1394
금봉족발 ,8163
라이차이 ,613
공항칼국수 ,0
항우포차 ,46
황금오리농장 ,303
공항닭발 (본점),0
로얄 스테이크하우스 앤 피자 ,613
김용기과자점 ,8163
장군주먹고기 ,1394
해운대복집 ,46
들녘 ,613
시즌커피앤베이크 ,4147
딜런스테이블 ,613
개성손만두 ,0
진콩나물국밥 ,1394
수삼겹살맛집 (영등포1호점),4147
형제해장 ,46
쿠우쿠우 (오목교점),46
덕일집 ,613
MACKAY ,0
장터참숯무한리필 ,1394
맘마쿡 ,172
정석참치 ,1394
초밥오타루 ,1394
신선설농탕 (영등포점),4147
동방미식성 ,613
미스앤미스터포테이토 (영등포뉴타운점),35
디톡시 ,613
하니앤손스 ,46
도화원 ,613
해피데이 ,46
요인요아웃 ,4816
아티제 (상일 GEC점),4408
테리스버거앤베니에 ,46
하남 한돈 ,46
상일정육식당 ,35
더두툼생고기 ,1693
어창수산 ,4816
오군테이 ,4816
송화의카페 ,4147
양선생 ,4816
도쿄등심블루 (여의도점),613
폴앤폴리나 (여의도점),46
바스버거 (여의도점),35
신원 ,4147
오케이버거 ,4816
피그인더가든 ,46
올라6 (파크센터점),4816
삼거리푸줏간 Blue (YG 리퍼블리크 IFC점),35
송추가마골인어반 ,4147
진주집 ,1394
인우초밥 ,1394
성천막국수 ,35
일광쪽갈비 ,1394
늘봄 해물찜 & 손칼국수 (답십리점),8163
갈비명가이상 ,0
퍼102 ,46
칠오구의집 (답십리점),1394
엄나무집 ,4816
커피그라운즈 ,46
속초붉은대게 ,4147
본누벨과자점 ,35
커피점빵 ,46
베이커리구스토 ,35
스시토푸 ,4147
광나루순대 ,0
신선설농탕 (광나루역점),4147
삼통치킨 (광나루역점),35
나미 ,8163
대관령감자탕 ,8163
스시히로바미니 ,4147
프언타이 ,46
엘리펀트커피 ,4816
청년다방 (서울천호점),1394
엘레나가든 (강동점),4816
으뜸횟집 ,1394
호우스시 ,303
가인채 (홈플러스강동점),0
할매집순대국 ,46
산수고원 ,35
카페햅시바 ,46
오륜브레드 ,4816
파리크라상 (올림픽점),46
계절밥상 (올림픽공원점),0
제일제면소 (올림픽공원점),1394
비스트로 오르소 ,35
더한스아리아 ,1693
다랑손칼국수 ,8163
단풍애김밥 (올림픽공원역점),8163
해림식당 ,46
할리스커피 (올림픽 프라자점),46
하나로황제짜장 ,46
코바코 (마천점),46
프라브 ,46
바니치킨 ,35
카페298 ,1394
맛나닭가마솥치킨 ,172
우돈가네맛구이 ,4816
시즌티 ,4147
소육옥 ,4147
종로닭한마리 ,1394
어글리베이커리 ,4816
빙하의별 (본점),35
청어람곱창전골 (본점),1394
망원동내커피 ,172
오늘의 위로 ,4816
족발귀신 (본점),1394
델리하노이 ,613
상도다방 ,35
만나식당 ,172
순대일번지 ,4147
당도 ,8163
키오스크 ,46
복덕방 ,35
경기떡집 ,0
미자카야 ,35
라멘베라보 ,613
딥블루레이크커피 ,613
카페톤 ,46
오라방 ,4816
프롬하노이 ,46
듁스커피 ,613
겐지 (본점),0
스시시로 ,4147
맛이차이나 ,172
뭄알로이 ,35
몬비엣 ,35
히데미 ,303
구스토타코 (상수점),8163
비스트로 달고나 ,35
유니크스윗(휴업중) ,4816
피자스쿨 (대흥역점),46
신마포갈매기 (대흥역점),4147
스타벅스 (서강대흥역점),4147
죠스떡볶이 (대흥역점),1394
우스블랑 (1호점),4816
아성빈대떡 ,4408
다과상사 ,8163
용문해장국 ,4816
마다가스카르 ,172
산골녹차냉면 ,35
투다리 (효창점),46
한성옥 ,46
용호야채곱창 ,4816
돈치앤 ,613
호머 (본점),303
라플랑끄 ,613
플랜트 (1호점),46
챔프커피 (2작업실),1394
브라이리퍼블릭 (이태원점),35
매덕스피자 (본점),172
트렌치타운 ,46
하시엔다 (본점),46
코니크 ,46
플랜트 (2호점),46
탭퍼블릭 ,46
아방뮤제 ,4408
울프소셜클럽 ,4816
Happy Sexy Enjoy ,0
라페름 ,613
마렘마트라토리아 ,172
피에 (본점),46
파르크 ,46
루틴 ,172
루트 ,172
오메가3삼계탕 (버티고개역점),4816
깃대봉냉면 (본점),8163
궁나라냉면묵밥 ,8163
쌍용반점 ,4147
코리안덕 (창신점),46
국수나무 (창신점),8163
동문각 ,613
BBQ치킨 ,0
닌자초밥 (동묘점),8163
혜성칼국수 ,46
낙산고을 ,8163
카페플러터 ,46
비나케이크 ,35
바룩베이커리 ,35
안동반점 ,4408
한상차림밥상 ,46
달콤퐁당 ,8163
카페 아무흐 ,1394
라운드테이블 ,613
마온 ,172
오모테산도 ,4816
나그네파전 (고려대점),8163
코케코코 ,46
비나 ,35
카페뚜이 ,1394
카페브레송 ,1394
중국관 ,1394
고래돈가스 ,0
더테이블 ,1693
라망 ,613
자스민 ,1394
공복 ,0
카페잇 ,46
치킨클럽 (동덕여대점),1394
화덕과베토벤 ,303
바이트미 ,35
쌈촌 (석관점),4147
메밀촌 (상월곡동지점),172
구운몽 ,8163
피자가기가막혀 ,46
센 ,4147
제일콩집 ,1394
참Soup ,1394
브레드스팟 ,35
하노이별 ,46
소문난멸치국수 ,4147
닭한마리 (공릉본점),8163
던모스 ,613
빛나는바다 (묵동점),35
표준커피 ,46
진라멘 ,1394
브로이하우스바네하임 ,35
브레드스팟 ,35
BHC치킨 (공릉 중앙점),0
던모스 ,613
표준커피 ,46
달콤한순간 ,8163
치어스 (화랑대역점),1394
박가네낙지한마리 ,35
서서떡볶이 (화랑대역점),35
저스트두잇 버거앤치킨 ,1394
옥토끼 제면소 ,4816
뚜띠쿠치나 (응암점),613
치어스 (응암역점),1394
옛집흑돼지촌 ,4816
큰맘할매순대국 (응암역점),46
맛깔참죽 & 나누미떡볶이 ,172
스시냥 ,4147
불티나손만두 (본점),35
단골구함 ,8163
제주아방 ,1394
두메골돌솥쌈밥 ,613
일품간장게장 ,1394
제주도그릴 (본점),1394
이가네가마솥설렁탕 ,1394
바로전집 ,35
섬진강참숯민물장어 ,35
역촌왕돈까스 ,4816
쿠아레 비 ,46
충무로 감자탕 ,1394
월남선생 (역촌역점),4816
만포면옥 ,172
노비어노라이프 ,8163
봉추찜닭 (은평점),35
산너머남촌 (갈현점),35
카페 달력 ,1394
나무자전거 ,8163
코스모스분식 ,46
드럼통라갈비 ,613
슬러프커피 ,4147
윈첼지리산생고기 ,4816
한나식빵 ,46
마마수제만두 ,172
카페 아사 ,1394
칠성포차 (응암점),1394
시골감자국 ,4147
다리원 (증산동점),8163
우드사이드커피 ,4816
다정한망각 ,8163
국민반점 ,8163
알오삼계탕 ,4408
파리바게뜨 (증산역점),46
치치 (증산역점),1394
트라토리아 몰토 ,46
오늘의 위로 ,4816
족발귀신 (본점),1394
델리하노이 ,613
골든핸즈라운지 ,0
스시키노이 ,4147
성산왕갈비 ,35
만나식당 ,172
김영섭초밥 ,8163
태백국물닭갈비 (마포본점),46
샐러드프린세스 ,35
공복 ,0
카페어바웃 ,1394
Mssg ,0
카페잇 ,46
치킨클럽 (동덕여대점),1394
오징어한마리매운떡볶이 (동덕여대점),4816
누들아한타이 ,8163
착한짬뽕 더 착한탕수육 ,1394
화덕과베토벤 ,303
커피시네마 ,46
대로부속집 ,8163
독바위바지락칼국수 ,613
올떡볶이 (불광점),4816
제주돈창고 ,1394
하하호호족발 ,46
수연떡방앗간 ,4147
한앤둘 (독바위점),46
마성의족발 ,172
트라토리아 몰토 ,46
상암일미락 ,35
카페모임 ,1394
스시키노이 ,4147
피슈마라홍탕 ,46
김영섭초밥 ,8163
모리타 ,172
더브래드팬트리 ,1693
월화고기 ,4816
서동한우 (상암점),35
치킨뱅이 (광흥창역점),1394
스타벅스 (서강광흥창역점),4147
뚜레쥬르 (광흥창역점),613
네네치킨 (광흥창역점),8163
빚은 (광흥창역점),35
내고향왕만두 (광흥창역점),8163
바오바 ,35
플랜트 (1호점),46
브라이리퍼블릭 (이태원점),35
커피라이터 ,46
찬스브로스 (2호점),1394
코니크 ,46
사우스사이드팔러 ,35
매니멀스모크하우스 ,172
노리테이블 ,8163
왕타이 ,4816
디어브레드 (고대점),613
고른햇살 ,0
프로마치 ,46
용초수 ,4816
샐러데이 ,35
하트카페 ,46
더베리와플 ,1693
오샬 ,4816
정상호프 ,1394
와플앨리 (2호점),4816
시저지 ,4147
이웃사촌 ,1394
석관시장떡볶이 ,35
모구모구 ,172
성가네낙지마을 (석관점),35
패티앤빅왕돈가스 ,46
셀렉토커피 (돌곶이역스타점),4147
태성식당 ,46
대게축제 ,8163
세븐돈까스김밥 ,35
육부단 ,1394
Mr왕 ,0
토리자까나 ,46
어썸커피 ,4816
데일리파크 ,613
스시차이 ,4147
봉화산커피 ,35
낙지방 (봉화산점),8163
봉평막국수 ,35
유정집 ,1394
해물이네 ,46
수락산숯불닭갈비 ,4147
우리나라 (본점),4816
장암골 ,1394
장재울토종순대국 ,1394
강강술래 (상계점),0
채선당 (수락산점),1394
가재골수제비 ,0
수락산풍천민물장어 ,4147
다찜 (수락점),8163
수락산참치 ,4147
비와별닭갈비 (수락산역점),35
카페 플로렌스 ,1394
최가스시 ,1394
봉평산골메밀촌 ,35
55닭갈비 ,0
신의주찹쌀순대 (마들역점),4147
올리볼렌 (노원점),4816
엘리제과자점 ,4816
종로떡집 ,1394
고향마을 ,0
궁중명가 ,8163
행복한밀가루 ,46
치킨마루 (마들점),1394
내사랑족발 ,8163
돈부리 ,613
총각네곱창가게 ,1394
삼청동궁물떡복이 (노원점),35
맥시칸 (중계점),172
챠이몽 ,1394
명품해물찜칼국수 ,172
옛촌칡냉면 ,4816
메이탄 (상계점),172
플루토 ,46
영동돈까스 (노원점),4816
짬뽕필락 ,1394
버거톤 ,35
스시준 ,4147
달밭소곱창 ,8163
매일파스타 ,172
하나샤브샤브 ,46
토다이 ,46
치어스 (중계2동점),1394
아리가또맘마 (중계홈플러스점),4408
신고집찜칼국수 ,4147
아고라커피 ,4408
생선까시 ,35
공릉우동집 ,0
불타는생고기 ,35
뽕신 (공릉점),35
새우꺾기 ,35
싱싱오징어바다 ,4147
아이엠부대찌개 ,4408
빕스 (공릉점),35
서서방고깃집 ,35
육공사604 ,1394
BREAD850 ,0
소야지 (중화점),4147
맛짱 ,172
도네누 (중화역점),613
치어스 (중화점),1394
연어에 반하다 ,4816
이층커피 ,1394
한스참숯불닭갈비 ,46
장원정 ,1394
육공사604 ,1394
BREAD850 ,0
소야지 (중화점),4147
맛짱 ,172
도네누 (중화역점),613
치어스 (중화점),1394
연어에 반하다 ,4816
이층커피 ,1394
한스참숯불닭갈비 ,46
장원정 ,1394
까망통돼지 ,8163
오아저씨수제고로케 ,4816
제이쿠치나 ,1394
참이맛감자탕상봉점 ,1394
아웃백스테이크하우스 (상봉점),4408
꿀삼겹 ,8163
디저트39 (상봉점),613
포메인 (상봉이노시티점),46
어글리스토브 (상봉점),4816
애슐리 (홈플러스 상봉점),4408
진미각 ,1394
명품쌈밥사계절수산물 ,172
후후스시 ,303
리레케이크 ,172
참맛깔곱창 ,1394
한명숙피자치킨 ,46
장터빈대떡 ,1394
산골정육식당 ,35
자주족발 ,1394
암뽕순대국 닭발 ,4408
대박왕곱창 ,8163
순자네다락방 ,4147
엄마분식 ,4816
약산능이촌 ,4816
빨대소리 ,35
천외천 ,1394
위대한족보 ,4816
경미양꼬치 ,0
황제갈비 ,303
커피플레이스 ,46
바이 레인 ,35
르빵프레 ,172
등촌샤브칼국수 (중곡점),613
유일설렁탕 ,1394
채선당 (중곡점),1394
치어스 (중곡점),1394
참나무로바베큐 ,1394
신전떡볶이 (중곡점),4147
사쿠라드랍스 ,35
상떼 ,35
송화산시도삭면 ,4147
독도수산 ,613
강쇠네 ,0
마일드 ,172
진육식당 ,1394
커피더쏠 ,46
호타루 ,303
그남자의덮밥 ,8163
꼬꼬아찌 (건대점),8163
꽃다방 ,8163
길목 ,8163
파파호 (청담점),46
페스틴 ,46
삼성원조양곱창 ,35
더제이케이키친 ,1693
청담영양센터 ,1394
폴바셋 (청담역점),46
신의주찹쌀순대 (청담점),4147
초밥집 ,1394
청국장과보리밥 (청담점),1394
바닐라클라우드 ,35
오감 ,4816
25T ,0
우츠와 ,4816
봉밀가 ,35
Sweet Planet (본점),0
비트윈브레드 ,35
김영모과자점 (강남구청점),8163
팔당닭발 ,46
그때그집 ,8163
가토드보야주 ,0
리북집 (논현직영점),172
라멘모토 ,613
배꼽집 (본점),35
반피차이 (논현점),35
도셰프 ,613
신이주신선물오리고기 ,4147
가라사대 ,0
봉평고향메밀촌 (논현점),35
논현장어 ,8163
마루심 ,172
코아손만두 (뉴코아아울렛 강남),46
차알 (파미에스테이션),1394
페르케노 (뉴코아아울렛 강남),46
베를린크란츠 ,35
제이에스가든 (잠원점),1394
테판야끼다구오 (뉴코아아울렛 강남),46
조선면옥 (본점),1394
소이연남 (파미에스테이션),4147
삼순이호두파이전문점 ,35
플레이와타나베식당 ,46
송이족발 (사당점),4147
모녀신떡&미쓰밀떡 ,172
백제231 ,35
Italian Kitchen 요리대장 ,0
이레분식 ,1394
마실 ,172
커피 더 캠프 (남성역점),46
달의둥지 ,8163
경 ,0
파동추야 ,46
리얼후라이 (숭실대점),172
미주알고주알 ,35
상도곱창 ,35
논두렁갈비 ,8163
스톤504 ,4147
토모니베이커리 ,46
멘동 (숭실대점),172
커피투머로우 ,46
도쿄야네 ,613
즉석바지락손칼국수 ,1394
시간을 들이다 ,4147
카페퍼블리코 ,46
몽소 ,35
온누리에돈까스 (대방점),4816
키친502 ,46
카페몽돌 ,1394
계림원 (상도점),0
커피집 ,46
생각이나 ,35
상남스시 ,35
서일순대국 ,35
알렉스플레이스 ,4408
코코이찌방야 (보라매점),46
옛촌민속집 ,4816
도동집 ,613
입떡 ,1394
신한방퍼즈카페 (보라매점),4147
가장맛있는족발 ,0
맘스케익 (영등포점),172
정준호스시 ,1394
고창국수 ,0
빵굼터 (구로점),35
구삼이 ,8163
주주네족발앤낙지 (남구로점),1394
구름산원주추어탕 ,8163
아리가또맘마 (구로디지털단지점),4408
통닭가 (남구로점),46
은행나무손칼국수 ,1394
돌참치 ,613
오정족발 ,4816
맛찬들왕소금구이 (광명철산점),172
유가네 (철산역점),4816
벌툰 (철산로데오점),35
우돈명가 ,4816
한신포차 (광명철산점),46
징기스 (광명철산점),1394
언니의식빵가게 (광명철산점),4816
짬뽕씨티 ,1394
448돈까스 ,0
홍두깨칼국수 ,303
음악곱창집 ,1394
원조광명할머니빈대떡 ,4816
바람부리명태찜 ,35
오성초밥 ,4816
김미진 당진 아구 동태찜탕 ,8163
김명태 (광명점),8163
양지순대곱창 ,4816
오뚜기돈까스 ,4816
알콜로 ,4408
아빠의 바게트 ,4408
메이로드 ,172
태기산더덕순대 ,46
화음정 ,303
국대떡볶이 (천왕역점),8163
이디야커피 (천왕이펜하우스점),1394
그집쭈꾸미 (천왕역점),8163
참이맛감자탕 (천왕역점),1394
마왕족발 ,172
현가네코다리 ,46
와일드그릴 ,4816
원미왕족발 ,4816
산야초12 ,35
설면 ,35
방일해장국 (원미점),35
빠글빠글잔치국수 ,35
주미정 ,1394
베르네닭강정 (원미점),35
상하이설악칡냉면 ,35
토마토김밥 (원미점),46
복성원 ,35
신선설농탕 (중동본점),4147
중화요리첸 ,1394
까페메르시 ,8163
부일곱창 (중동본점),35
첫번째가마솥순대국 ,1394
암특 흐엉샌 베트남 ,4408
원미왕족발 ,4816
백년식당서서갈비 ,35
카페라떼르 (부천본점),1394
고래라멘 ,0
왕푸징 ,4816
연어마을 ,4816
신전떡볶이 (부천중동점),4147
도레도레 (현대백화점 유플렉스 중동점),613
토끼정 (부천중동점),46
달콤한서랍 ,8163
오빠네옛날떡볶이 (부천상동점),4816
서가앤쿡 (부천중동점),35
아웃닭 (부천현대점),4408
페르케노 (뉴코아아울렛 부천점),46
에머이 (뉴코아아울렛부천점),4816
안나푸르나레스토랑 (상동2호점),4408
은행골초밥참치전문점 ,1394
타르타르 (부천상동점),46
계열사치킨 (부천상동점),0
뱃머리횟집 ,35
생활맥주 (부천상동점),35
유에프오 ,1394
코코로야끼 ,46
삼도갈비 (부천점),35
병천토속순대 (부개점),35
떼루와 (웅진플레이도시점),613
화개장터 ,303
이바돔 (삼산점),1394
용코로만두 ,4816
피앤피키친 ,46
한촌설렁탕 (삼산점),46
백세장어마을 ,35
미쓰그릴 (웅진플레이도시점),35
더히든키친 ,613
트랜퀼 마치 ,46
별미칡냉면 ,35
노멀커피 ,8163
5월19일 ,0
더소야소 (부평구청점),1693
장어한판 ,1394
꽁떼 ,8163
키친심플 ,46
앤사장 다락방 ,4408
스시고메이 ,4147
한참치 (묵동본점),46
디저트39 (묵동자이점),613
세컨드고메 ,4147
진라멘 ,1394
라떼플로라 ,613
채선당 (묵동점),1394
갬성식당 ,0
두루두루 베이비카페 ,613
명동칼국수샤브샤브 (묵동 이마트점),172
숯불닭갈비에 반하닭 ,4147
파파라멘 ,46
내친구고양이카페 ,8163
웨일즈독 ,4816
봉추찜닭 (사가정점),35
쥬스토 ,1394
치어스 (사가정역점),1394
카페레블 ,1394
맛닭꼬 ,172
커피꾼 ,46
빠오즈푸 ,35
감성다방 ,0
모서리에커피집 ,172
궤도에오르다 (본점),8163
깍뚝 ,8163
래빗홀 버거컴퍼니 ,613
알고탭하우스 ,4408
가츠시 (건대점),0
샘터골 (건대본점),35
히릿 ,303
홍명 ,303
세익스피어 베케이션 ,4147
알로하포케 ,4408
갤러리로얄 ,0
들었다놨다참숯불닭갈비 ,613
빠비뚜엡 ,35
로이스퀸 ,613
남포면옥 (논현동점),8163
베리블라썸다이닝 ,35
스타족발 ,4147
메종엠오 ,172
브레드에스프레소앤 ,35
아트메이저 ,4408
페이브 ,46
매뉴팩트커피 (방배점),172
초우 ,1394
미미치킨 ,35
뽕사부 ,35
일미옥 ,1394
조개창고 ,1394
피터패트 ,46
중대양곱창 ,1394
오시오떡볶이 ,4816
비스트로앤 ,35
커피나무 (중대점),46
북경 ,35
상도갈비타운 ,35
야쿠야쿠 (상도점),4816
탭하우스더슈라인 ,46
스타동 ,4147
블랑제리가마 (신풍점),35
파전닭갈비 ,46
식빵이야기 ,4147
신풍곱창 ,4147
커피메이플 ,46
버섯생불고기개성면옥 ,35
커피마리오 ,46
신마포갈매기 (신풍역점),4147
오대리국수 ,4816
짝태시대 (신풍역점),1394
봉순게장 ,35
썸오브에브리띵 ,4408
김정수할머니보쌈막국수 ,8163
카페리메인 ,1394
카페커프엔드 ,46
이비가짬뽕 (까치울점),1394
수타원 (춘의점),4147
작동홍두깨칼국수 ,1394
장어나라 ,1394
키친모짜렐라 ,46
커피지니어스 ,46
아띠오아나폴리 핏제리아 (부천2호점),4408
탄두르 ,46
드렁킨타이 (1호점),613
로이스타코 ,613
담다베이커리 ,8163
줄리앤줄리아 ,1394
잇쇼니 ,1394
칸지돈부리 ,46
비플로우 ,35
트랜퀼 마치 ,46
별미칡냉면 ,35
노멀커피 ,8163
5월19일 ,0
더소야소 (부평구청점),1693
장어한판 ,1394
꽁떼 ,8163
경복궁 (삼산점),0
훈커피 ,303
메테오커피로스터스 ,172
사이공리 ,35
브레드덕 ,35
요술얼음 ,4816
늘보리 ,8163
운봉산장양고기전문점 ,4816
신짱스시 ,4147
김광일 간장새우 ,8163
아마르 ,4408
브레드제이 ,35
풍년집정육식당 ,46
커피몽타주 ,46
화진포막국수 ,303
셀프하우스 ,4147
부리나케 ,35
루하커피 ,172
피에로커피 ,46
요다래 ,4816
카페메종드한 ,1394
유천칡냉면 (본점),1394
팔선생 ,46
뉴질랜드스토리 ,8163
엘리스리틀이태리 ,4816
바베네 ,35
르빵 (석촌역점),172
멘야하나비 ,172
그리지하우스 ,8163
만푸쿠 ,172
파티세리도효 ,46
니엔테 ,8163
미엔아이 ,35
송파감자국 ,4147
모꼬지에 ,172
부산밀면 ,35
정원이 있는 국민책방 (송파점),1394
아벡쑤아 ,4408
채선당 (송파점),1394
그레인제빵소 ,8163
허심탄회 ,46
하오찬 ,46
원산만두 ,4816
플라워 ,46
라치오 ,613
툇마루밥상 (본점),46
옹고집꽃게장 ,4816
골목떡볶이 ,0
콘플러 ,46
빕스 (문정점),35
에머이 (문정점),4816
시루나무 ,4147
몰리케이 ,35
장쓰동 ,1394
훠궈야 (송파파크하비오점),303
삼우닭강정 ,35
도쿄하나 진 ,613
더플레이스 (송파파크하비오점),1693
명동피자 (가든파이브점),172
멘타로 ,172
르번미 ,172
헤븐온탑 (문정점),46
두끼 ,613
텐노트커피 ,46
코그노센티 ,46
플랩잭팬트리 ,46
복정골 ,35
카페 33-3 ,1394
타바스 ,46
커피와글 ,46
미드줄라이 ,35
등촌샤브칼국수 (위례신도시점),613
좋은물고기 ,1394
배꼽한정식 ,35
청마루매운갈비찜샤브샤브 ,1394
경포 ,0
추오정남원추어탕 ,1394
논골장마담집 ,8163
강산촌 ,0
산아래염소이야기 (복정점),35
왕십리곱창 ,4816
삼시세끼 ,35
유정집 ,1394
구르메우동 ,8163
보물촌꺼먹돼지 ,35
두끼 (성남 세이브존점),613
서민호생참치연어 ,35
철뚝집 ,1394
로빈스커피 ,613
뿅의전설 (본점),35
쭈꾸미 손사장 ,1394
마찌야매콤돈까스 ,172
엉터리생고기 (단대오거리점),4816
진미떡볶이 ,1394
로사우니카 ,613
김선생 ,8163
고기사랑 ,0
동해해물탕 ,613
창모루칼제비 ,1394
청산골왕갈비살 ,1394
참맛나리아안동찜닭 ,1394
진주성 ,1394
장군보쌈 ,1394
밀라노상회 ,35
디파스타 ,613
삽다리곱창 ,35
Re: 안녕커피 ,0
모란왕족발 ,172
레시피나인 (모란역점),613
홍굴이해물짬뽕 ,303
전주감자탕 ,1394
코지하우스 ,46
칭하이 ,1394
몽중헌 (방이점),35
별미곱창 ,35
서두산딤섬만두 (본점),35
제주오겹살왕돌구이집 (본점),1394
샛집남원추어탕 ,35
가일 ,0
커피바이셉템버 ,46
소담정 ,4147
한아람정육식당 ,46
할머니포장마차멸치국수 ,46
보리밥 ,35
강릉송정해변막국수 ,0
달콤슈가 ,8163
본죽 (성남중앙병원점),35
화로구이 ,303
장충동왕족발 ,1394
펀비어킹 (남한산성점),46
동신면가 ,613
장독흑돼지 ,1394
정가네 양꼬치 ,1394
유황생오리숯불구이 ,1394
해안반점 ,46
맛나슈퍼 (암사점),172
알투라 ,4408
오고참 ,4816
우수식탁 ,4816
초롱이고모부대찌개 ,1394
진미떡볶이 ,1394
쿠데타 (본점),46
어서오슈 ,4816
커피타는너구리 ,46
란주천면관 ,613
충칭소면 ,1394
고래고래 ,0
고기사랑 ,0
동방만두 전문점 ,613
쿠우쿠우 ,46
이디야커피랩 ,1394
능라도 (강남점),8163
삼정하누 ,35
논현손칼국수 ,8163
일일향 (2호점),1394
화이브앤투버거저니 ,303
헤이미 ,46
짱이네산곰장어 ,1394
곰스키친 (논현본점),0
레스토랑핫이슈 (호텔카푸치노),613
레트로오븐 ,613
후웨이즈 ,303
살루쪼 ,35
달빛보쌈 (논현점),8163
오묘한 과자점 ,4816
노란주전자 ,8163
나비식탁 ,8163
칠백식당 (삼성직영점),1394
코퍼룸 ,46
가나기사식당 ,0
외고집설렁탕 ,4816
플랑플랑 ,46
비야게레로 ,35
브루클린더버거조인트 (삼성점),35
하나샤부정 ,46
어반81 (1호점),4816
배럴 ,35
아야진생태찌개 ,4408
저스트기네스 ,1394
차이린 ,1394
하동관 (코엑스몰),46
클로리스 (코엑스몰점),46
테이스팅룸 (코엑스몰),46
소브스위드살몬 (삼성점),4147
탑클라우드52 (트레이드타워),46
더베이크하우스 ,1693
디퀸즈 (코엑스몰점),613
이코복스 (코엑스몰),1394
로네펠트티하우스 (코엑스몰),613
곰바위 (본점),0
밀작 ,35
도일처 ,613
바다향기 ,35
노가리깔까 ,8163
최대감 ,1394
공항떡집 ,0
아페 카페 ,4408
초가집 ,1394
문래돼지불백 (방화점),35
해운대복집 ,46
밀작 ,35
카페라클라스 ,1394
최윤진당진아구동태찜탕 ,1394
비라티오커피 (신방화역점),35
밀작 (2호점),35
존슨부대찌개 ,1394
노가리깔까 ,8163
페리카나 (방화2호점),46
타베루 ,46
구름공방 (신방화역점),8163
브루드서울 ,35
나우니스 ,8163
악토버 ,4408
프랭크서울 (마곡나루역점),46
송쭈집 (마곡나루점),4147
꼼떼바베큐 (마곡점),8163
필립앤노아 ,46
뭄미 ,35
앙키친 ,4408
올리브키친 ,4816
함흥본가 ,46
소바트럭 ,4147
명태어장 ,172
뚜스뚜스 ,613
이가바지락손칼국수 ,1394
현이네초밥가게 ,46
오백년장어 ,4816
더족발 (가양점),1693
도쿄하나 (등촌점),613
더플롯커피 ,1693
등촌최월선칼국수 ,613
고양이똥2 ,0
코끼리만두 ,46
유림 ,4816
뚜스뚜스 ,613
박가부대 (증미역점),35
현이네초밥가게 ,46
깐부치킨 (증미점),8163
봉추찜닭 (가양점),35
채선당 (등촌점),1394
고양이똥 ,0
동그라미곱창 ,613
스시경 ,4147
옛날한우곱창전문 ,4816
할범탕수육 ,46
외국포차 ,4816
유쾌했소 ,1394
강서복집 ,0
정일품삼계탕 ,1394
골목집 ,0
나폴레옹과자점 (목동점),8163
가정경양 ,0
토다이 (목동점),46
닐리 (목동점),8163
원조쌈밥집 (목동점),4816
깐부치킨 (목동5단지점),8163
본설렁탕 (목동점),35
커피요리 ,46
선궁 ,35
등촌샤브칼국수 (목동점),613
베이커리옥토버 ,35
원조우렁된장너도나도식당 ,4816
또순이네 ,613
엘카페커피로스터스 (본점),4816
선유기지 ,35
나나캄 ,8163
엘디아 ,4816
홈앤브레드 ,303
스퀘어21 ,4147
호연 ,303
카페 진정성 (디스트릭트와이점),1394
가양칼국수버섯매운탕 ,0
팥이재 ,46
브레드피트 ,35
진주집 ,1394
파낙스 ,46
대원 ,8163
서궁 (여의도점),35
헤븐온탑 (디스트릭트와이점),46
창고43 (본점1관),1394
프랑세즈 ,46
터방내 ,46
리얼후라이 (흑석본점),172
성민양꼬치 ,35
탭하우스 ,46
바야흐로 ,35
삼목등심 ,35
피자보이시나 (흑석점),46
산이네 ,35
오후홍콩 ,4816
리틀크레이지피자 ,172
박종근과자점 ,35
흥미면옥 ,303
소운빙 (반포점),4147
아이언펍 ,4408
돈키 ,613
애플하우스 ,4408
스마일포차 ,4147
반포치킨 ,35
에이치플러스와이 ,4816
김영모과자점 (신반포점),8163
산들해 (반포동점),35
도깨비곱창 ,613
블루테이블 ,35
드레꽃 ,613
투썸플레이스 (반포래미안퍼스티지점),46
굿애프터눈 ,8163
낙원궁중떡집 ,8163
면 ,172
루나리치 (반포래미안점),613
마루심 ,172
베를린크란츠 ,35
조선면옥 (본점),1394
삼순이호두파이전문점 ,35
경복궁 ,0
영양센터 ,4816
닥터로빈 (반포점),8163
팬차이나 (서초점),46
고구려 (서초지점),0
삿뽀로 (서초점),35
육덕식당 ,1394
셰막 ,4147
지올리띠 ,1394
낙원타코 ,8163
더블트러블 ,1693
랩트웬티포 ,613
어메이징타이 ,4816
클로리스 (신논현점),46
장남식당 ,1394
이야기하나 ,1394
브레드숨 ,35
그런커피 ,8163
굿데이서울 ,8163
카페노들수 ,1394
그런밤 ,8163
카페 비러브드 ,1394
비앙 비앙 ,35
소문난명품잔치국수 ,4147
정가네식당 ,1394
신호야떡볶이 ,4147
이조면옥 ,1394
별난낙지 ,35
금왕돈까스 ,8163
정통춘천닭갈비 ,1394
1977김치찌개 ,0
갯마을회전문점 ,0
카페드라무 ,1394
노렌 ,8163
먹태집 ,172
담소사골순대 (가양점),8163
신야텐야 (염창역점),4147
망향비빔국수 (강서점),172
고씨네 (본점),0
챠라챠라 ,1394
인생덮밥 ,1394
이엄청난참치 (염창점),1394
카페더브릿지 ,1394
어가촌 ,4816
봉구비어 (염창역점),35
농장이야기 (목동직영점),8163
정인면옥 ,1394
커피기업 ,46
하동관 ,46
이도맨숀 ,1394
카페마마스 (여의도점),1394
올라 (KBS점),4816
진진만두국 (서여의도점),1394
김명자굴국밥전문점 (여의도점),8163
소호정 (여의도점),4147
그리츠 ,8163
