['샘밭막국수', '4033']
['하레', '6323']
['보떼가젤라또', '923']
['교대이층집', '8163']
['스시카루', '758']
['탐라도야지', '1705']
['귀족족발', '719']
['램하우스', '298']
['서초장어타운', '142']
['명동곰돌이', '246']
['루엘드파리', '7064']
['백년옥', '3893']
['곰포차', '2769']
['봉산옥', '549']
['마담버터플라이', '500']
['스시환', '1117']
['우작설렁탕', '389']
['목천집', '528']
['고종의아침', '598']
['허수아비돈까스', '1180']
['프릳츠커피컴퍼니', '34355']
['임병주산동칼국수', '1789']
['방파제횟집', '358']
['황재벌', '1823']
['크롬바커하우스', '205']
['디오디아', '2667']
['국미당', '353']
['타이쇼', '1687']
['강촌원조쭈꾸미', '403']
['금강수림', '531']
['브라운브레드', '1314']
['마켓오', '20259']
['카페진정성', '55560']
['브라운핸즈', '40231']
['DOMA', '265811']
['부첼라', '6157']
['스타쉐프', '4989']
['포브라더스', '3667']
['브라이언스커피', '2185']
['스시카와', '620']
['김영모과자점', '11352']
['바켄', '8301']
['카페톨릭스', '5046']
['안남', '6200']
['노비아에노비오', '1163']
['호수삼계탕', '10775']
['야마모토스시', '175']
['연안식당', '6463']
['하겐다즈', '106099']
['우리네코다리', '531']
['스톤밀', '105']
['파티세리김영모', '119']
['엠브이샤브샤브', '31']
['더브라운', '9094']
['봉피양', '31403']
['나폴레옹과자점', '2763']
['베스타', '10459']
['육판장', '32']
['사월에보리밥', '1974']
['서평기사식당', '73']
['어셈블리커피', '136']
['카페알케미', '1759']
['서울고로케', '68']
['비첼', '594']
['본가', '52871']
['치어스', '10422']
['나나', '131717']
['카페인더무드', '1164']
['청송일식', '15']
['아티제', '72318']
['초원양꼬치', '2335']
['돈우마루', '9']
['복대감', '125']
['교토참치', '370']
['개성칡냉면', '67']
['사또양념치킨', '10']
['제주탐하리', '4518']
['하남돼지집', '91703']
['슈퍼커피', '17440']
['포메인', '43806']
['제주몬트락', '6150']
['깐부치킨', '54586']
['203갈비해물집', '135']
['59년왕십리포차', '23']
['구찌라쿠', '19']
['애란궁', '142']
['조선면옥', '1055']
['쌜모네키친', '3546']
['파란달의커피볶는집', '33']
['함경도찹쌀순대', '1460']
['킹카롱', '4017']
['씨앤모아', '1018']
['진성한우곱창', '1018']
['금바위감자탕', '395']
['화포식당', '16157']
['유타로', '14163']
['설빙', '816273']
['홍종흔베이커리', '7846']
['가락골마산아구찜', '332']
['착한낙지', '25571']
['한락원', '70']
['일로스페인', '510']
['아사네커피', '36']
['선궁', '675']
['캄더커피랩', '283']
['프랭크서울', '2310']
['백년교동짬뽕', '451']
['프롬더빈', '249']
['윤화돈까스', '1607']
['스시바오', '203']
['부산복집', '620']
['영사미', '45']
['커피앰비언스', '380']
['독천낙지골', '128']
['멘카야', '813']
['오누이손만두', '5']
['고향산천', '1067']
['우리집곱창', '1320']
['고기촌수라상', '4']
['엄마손칼국수', '1622']
['신통치킨', '7085']
['당고개아구찜', 'None']
['원조솥뚜껑생삼겹살', '1']
['마들사철탕', 'None']
['옛날맛순대국', 'None']
['춘천골닭갈비', '1232']
['육갑촌', '4']
['돈까스먹는용만이', '1447']
['노걸대감자탕가마삼겹', '36']
['사카나', '3583']
['채선당', '29804']
['송화강식당', '28']
['도리연닭도리탕', '608']
['홍화불닭', '143']
['전씨네선술집', '59']
['봉평메밀막국수', '4739']
['시골순대', '1461']
['시드누아', '3413']
['마쯔무라돈까스', '534']
['구법원', '155']
['노원목고기집', '27']
['털보고된이', '1294']
['E9선생', '12']
['쯔이코', '650']
['디저트카페바미', '52']
['핏짜굽는언니', '1987']
['이자카야모리', '469']
['가배미혼', '1084']
['노말키친', '1108']
['쌍문역파스타', '969']
['쌍문동판다쓰', '637']
['동적불고기', '1304']
['스시혼', '9179']
['스시화', '974']
['산사로', '501']
['곰파곰파의뜨라또리아', '1074']
['라스커피', '1063']
['플레이버', '5452']
['귀품찬', '1400']
['라보엠', '6505']
['페넬로페', '13389']
['스시도리', '686']
['상미규카츠', '6277']
['석관동떡볶이', '17691']
['유리갈비', '885']
['정스시', '3496']
['쿠우쿠우', '113994']
['카페로니', '958']
['어니언', '65622']
['짱곱창', '832']
['태릉솔밭갈비', '9']
['우이동멸치국수', '182']
['와겐커피', '1582']
['스시광', '2536']
['마루벌돌구이', '2171']
['청양육개장', '128']
['벤투라커피로스터스', '159']
['토다이', '24066']
['일도씨닭갈비', '3737']
['장수감자탕', '887']
['왕빈자삼파전', '4596']
['제일분식', '1046']
['한잔', '495011']
['키쉬미뇽', '5402']
['삼덕식당', '417']
['일미집', '2786']
['불난집', '2193']
['갈비명가이상', '602']
['길음동스마일명품찹쌀꽈배기', '1']
['난이네곱창', '245']
['복돼지마을', '46']
['초밥특공대', '152']
['하나둘둘셋', '345']
['사이야', '8126']
['휘스커', '2560']
['돈가래', '331']
['목바', '1870']
['하단', '286827']
['국시집', '10428']
['꿀맛식당', '14757']
['옛날중국집', '481']
['스시산', '3529']
['시노다야이자카야', '20']
['믹스앤몰트', '3155']
['정돈', '17420']
['독일주택', '16990']
['명륜건강원', '1441']
['블루룸', '2451']
['깔리', '4647']
['카페키이로', '3400']
['나누미떡볶이', '2723']
['호호식당', '18044']
['NOVAKITCHEN', '502']
['비엘티스테이크', '886']
['옥천왕족발', '150']
['동북화과왕', '1219']
['마고미', '142']
['일젤라또', '3537']
['창신동매운족발', '10503']
['라에스키모', '7604']
['코나야그리핀바더라운지', 'None']
['코나야', '12404']
['그리핀바', '1519']
['더라운지', '12940']
['장프리고', '4656']
['핀스카이', '1368']
['사마르칸트', '2729']
['평양면옥', '30617']
['해룡마라룽샤', '1486']
['송림', '3784']
['파르투내', '263']
['빕스버거', '1323']
['에이쓰리아카이브', '52']
['잘루스', '179']
['사랑방칼국수', '1726']
['다시열린하얀집', '347']
['동대닭한마리', '395']
['필동면옥', '15419']
['충무로쭈꾸미불고기', '922']
['파스타노', '714']
['파스타마켓', '6220']
['반반국수', '3181']
['이태리식당', '10812']
['딸깍발이', '709']
['보버라운지', '44036']
['란주칼면', '5587']
['명동영양센터', '146']
['배터리파크', '17585']
['루프탑바플로팅', '133']
['주유별장', '14155']
['명동피자', '17943']
['금산제면소', '3374']
['호미빙', '47813']
['프리모바치오바치', '29175']
['비스테카', '15856']
['은호식당', '655']
['크레마디몬타냐', '1422']
['가메골손왕만두', '365']
['닭진미강원집', '119']
['막내회집', '183']
['로이즈', '8579']
['베키아에누보', '16086']
['왕대박지지미촌', '725']
['스시바', '2584']
['블랙드럼', '1839']
['유즈라멘', '516']
['카페올로', '3061']
['해랑스시', '474']
['카페395', '1751']
['이창희스시', '377']
['베리스트리트키친', '290']
['카니발피자', '12807']
['서울리스타', '7591']
['누들박스', '8277']
['현선이네', '9447']
['야스노야', '1179']
['현대본가', '123']
['삼각정', '1175']
['시후쿠', '2088']
['명화원', '1725']
['원대구탕', '2633']
['카페시도', '720']
['대원식당', '1435']
['한강집', '81']
['북천', '7766']
['카페알토바이밀도', '893']
['콘타이', '13485']
['기차길옆초밥', '278']
['하나야', '2185']
['컴컴베이커리', '1133']
['모나미카레', '12356']
['동빙고', '9285']
['스즈란테이', '4441']
['헬카페스피리터스', '1613']
['소바야청담', '238']
['아지겐', '1473']
['미나미', '13035']
['하프파스트텐', '24']
['솔낭구', '807']
['와세다야', '3665']
['국화', '89547']
['카페람베리', '975']
['기꾸', '2714']
['커피프레지던트', '2852']
['카페꼰띠고', '714']
['봇타야산', '425']
['치뽈라', '268']
['닥터로빈', '27265']
['롤링핀', '67821']
['파크루안', '1537']
['개미식당', '2123']
['남태령', '2364']
['남영', '8848']
['두화당', '5036']
['조대포', '3573']
['하나모코시', '533']
['문배동육칼', '4961']
['마시&바시', 'None']
['열정도다가구주택', '53']
['쎄라비', '2659']
['열정도고깃집', '1021']
['두들커피로스터리', '244']
['열정도감자집', '274']
['형제상회', '6658']
['꿀꾸랄라', '245']
['오가네팬케이크', '406']
['허수아비', '23127']
['마마부찌', '433']
['곱창의전설', '2976']
['스시준', '7936']
['노량진길거리베트남쌀국수', 'None']
['스윙바이', '431']
['주전부리', '113279']
['오월의종', '21555']
['에베레스트', '19887']
['커피리브레', '22371']
['켄비멘리키', '3569']
['마굿간생고기', '1264']
['마호가니', '27190']
['마호가니커피', '6277']
['카페마마스', '76887']
['버터핑거팬케이크', '14119']
['삼송빵집', '69055']
['올드문래', '9033']
['신도림이도식당', '200']
['백미당1964', '4767']
['미미네', '15609']
['찬장', '4826']
['쉐라톤디큐브시티로비라운지바', '10598']
['빈브라더스', '45826']
['이춘복참치', '17770']
['신도림참족발', '424']
['브랑제리', '604']
['이치류', '11236']
['한와담블랙', '3345']
['아티장베이커스', '3188']
['레드문', '9206']
['마농트로포', '6673']
['한남북엇국', '8337']
['제주식당', '8774']
['SpeakeasyMortar', '214']
['타르틴베이커리', '11676']
['소이연남', '51432']
['카페유어사이드', '5']
['은지향', '15']
['엄마손도시락백반', 'None']
['고고포차', '749']
['보그너', '1401']
['부어치킨', '5763']
['트럭곱창', '294']
['퍼플포트', '178']
['블랙빈스', '209']
['땅코참숯구이', '4756']
['푸줏간생고기점', '77']
['쟈오쯔', '857']
['팜티진', '1004']
['짱고기', '338']
['엽기꼼닭발', '3727']
['키커피컴퍼니', '726']
['뺑드미', '2135']
['동방양꼬치', '1238']
['맛나곱창', '4443']
['영화장', '1098']
['외대철판마을', '49']
['본가할머니보쌈', '37']
['레알라면', '748']
['원더러스트', '4691']
['옹골진치킨', '151']
['베브릿지', '4897']
['언니네함바그', '2491']
['고수찜닭', '3570']
['통일부대찌개', '139']
['로지스시', '724']
['서울쉬퐁', '72']
['농이마을', 'None']
['광산떡볶이', '5']
['진도식당', '247']
['진성각', '60']
['남대문임금님표꿀타래', 'None']
['안다미로왕솥뚜껑삼겹살', 'None']
['별난주점', '4544']
['신마포갈매기', '1498']
['남해바다마차', '2484']
['봉추찜닭', '47889']
['무명칼국수', '244']
['이층블루스', '314']
['버들국수', '350']
['포베이', '24910']
['마루국시', '396']
['육당21', '167']
['용궁중화요리', '5']
['월계철판곱창', '4']
['보리보리', '13829']
['와플팝', '150']
['가장맛있는족발족과의동침', '53421']
['썬더치킨', '16950']
['행복추풍령감자탕묵은지', '5']
['전봇대곱창', '868']
['금희네삼겹살', '1']
['맥시칸', '4149']
['애성회관', '2034']
['마르셀', '3542']
['진주회관', '7124']
['림벅와플', '8437']
['잼배옥', '191']
['모모카페', '8858']
['도원', '11224']
['에릭케제르', '4752']
['송옥', '2801']
['유림면', '2817']
['백부장집닭한마리', '370']
['더미', '3638']
['무교동북어국집', '1311']
['반짝반짝빛나는', '50628']
['종로돈부리', '3611']
['황산샤브샤브', '435']
['정선할매곤드레밥', '1283']
['청진식당', '3150']
['커피기업', '3392']
['뚝배기집', 'None']
['포탈라', '1213']
['양키스버거', '10178']
['호반', '9628']
['크래프트루', '2726']
['녹기전에', '3711']
['국수찾아닭만리', '1197']
['서울커피', '24602']
['리장수', '728']
['효자동목고기', '721']
['부촌육회', '4416']
['창신육회', '11786']
['육회자매집', '13240']
['진옥화할매원조닭한마리', '5247']
['은성횟집', '1317']
['형제육회', '5856']
['순희네빈대떡', '22235']
['소문난원할매닭한마리', '1']
['원조누드치즈김밥', '451']
['육전식당', '25474']
['리도', '3332']
['황박사소갈비', '10']
['어른이대공원', '10726']
['팔삼', '121']
['미스사이공', '34418']
['학술적연구소', '983']
['빈이네곱창', '34']
['나정순할매쭈꾸미', '5895']
['평양냉면', '215254']
['히든트랙', '2184']
['마약고기', '1086']
['용두동임오네쭈꾸미', '63']
['청량리할머니냉면', '1305']
['상생장', '8919']
['함경면옥', '1822']
['치킨마루', '9512']
['감초식당', '1472']
['낙산냉면', '3904']
['히말라얀레스토랑', '29']
['호텔고기뷔페', '3']
['본고향맛집', '123']
['동묘어탕국수', '2']
['나마스테', '8521']
['호로록커피', '141']
['고기튀김전문집', '2']
['오뗄두스', '10333']
['이나니와요스케', '4952']
['라세느', '29076']
['부처스컷', '12157']
['부민옥', '1395']
['명동고로케32G', '54']
['도림', '5947']
['이니스프리그린카페', '2502']
['위고에빅토르', '3527']
['바오차이', '1851']
['만선호프', '6400']
['커피한약방', '20801']
['을지면옥', '16165']
['산수갑산', '6727']
['동원집', '4197']
['혜민당', '4310']
['도이농소고기쌀국수', '183']
['을지오뎅', '543']
['커피니', '28459']
['완쌀국수포완', 'None']
['유래회관', '1524']
['조개창고', '6283']
['컵핑', '796']
['숙성시대', '335']
['왕십리똥돼지', '12']
['카페유전', '184']
['히마와리', '2037']
['무한장어', '2250']
['토상막회', '762']
['우동가조쿠', '1901']
['가조쿠식당', '455']
['밸런스버거', '1438']
['레드올리브', '1137']
['제이스플레이트', '493']
['니뽕내뽕', '73576']
['빌리엔젤', '95217']
['돈돈', '77926']
['바르다김선생', '60376']
['자연별곡', '128093']
['다로베', '1891']
['밀도', '17790']
['팩피', '1121']
['빵의정석', '4526']
['남정네의작은부엌', '1162']
['청죽골식당', '5']
['카페성수', '6183']
['하노이102', '2231']
['고니스', '2644']
['할머니의레시피', '8791']
['명봉샤브샤브양꼬치', '142']
['최가커피', '6400']
['칼레오커피로스터스', '235']
['결돈부리', '788']
['꼬메노', '2181']
['화통소금구이', '442']
['매화반점', '11835']
['Index', '145352']
['고향양꼬치', '1731']
['청주명문도너츠', '690']
['불난닭발', '2303']
['부다페이스', '834']
['먹거리집', '483']
['헤르만쿠키', '768']
['남원골추어탕', '472']
['가장맛있는족발', '53420']
['도쿄팡야', '21505']
['삼백집', '23292']
['도치피자', '11714']
['더466키친', '1125']
['스시텐', '2210']
['어반나이프', '2735']
['산골닭갈비', '711']
['민속손국시', '41']
['메차쿠차', '2624']
['삼월의양', '327']
['황금손가락초밥', '435']
['참토우', '585']
['달펍오크그릴플러스펍', '28']
['토도로끼', '395']
['임뻬라또', '918']
['뽀빠이분식', '1384']
['방콕포차', '16']
['후쿠오카모츠나베', '9691']
['스시N모모야마', '4']
['정순함박', '864']
['연어식당', '972']
['파오파오', '4082']
['오징어세상', '2860']
['남경막국수', '2227']
['초이스시', '461']
['김판조닭강정', 'None']
['큰손닭한마리', '614']
['수라선', '2760']
['곱', '10422']
['꼼장군', '1763']
['중앙해장', '9702']
['크라이치즈버거', '14278']
['하동관', '22497']
['투뿔등심고담', '480']
['이즈니베이커리', '2592']
['브루클린더버거조인트', '40182']
['송', '19391']
['클로리스', '21253']
['농민백암순대', '1630']
['뽕나무쟁이', '2703']
['몰타참치', '1573']
['외고집설렁탕', '847']
['경천애인2237', '3406']
['마담밍', '2095']
['도쿄등심', '55365']
['반룡산', '1960']
['스시산원', '3210']
['최인아책방', '5530']
['농민백암왕순대', '606']
['아빠곰수제돈까스', '637']
['더블트러블', '22928']
['로리스더프라임립', '5509']
['우동명가기리야마', '61']
['세루리안커피', '6041']
['셰막', '6424']
['지올리띠', '8762']
['신숙', '224']
['백화요란골동반', '157']
['그린고메', '239']
['서초면옥', '2722']
['루스티크', '796']
['어반나이트', '326']
['소프트리', '18769']
['카페라브리', '780']
['양문', '610']
['소연', '105572']
['식목일', '47090']
['크리에잇쿠키', '7625']
['댓짱돈까스', '3482']
['오페라빈로스터스', '1464']
['오유니통닭', '621']
['최고집바지락칼국수', '6']
['지현샤브샤브', '4']
['신미경정통춘천닭갈비', '103']
['오페뜨', '4958']
['티에리스', '2905']
['초와밥', '1227']
['바른식시골보쌈감자옹심이', '218']
['페니커피로스터스', '1779']
['규스홈', '362']
['본연옛날불고기', '123']
['헬무트', '608']
['전주전집', '6168']
['릿잇타미', '877']
['민이네식빵', '225']
['텐동요츠야', '4075']
['두만강샤브샤브', '500']
['뉴욕택시디저트', '395']
['차이나당', '1141']
['미스리부자아줌마', '305']
['나인온스버거', '3487']
['아모르미오', '9688']
['리버벨', '5493']
['안녕베트남', '9981']
['오후의과일', '10752']
['오목눈이', '1876']
['최희성고려왕족발', '260']
['낀알로이알로이', '563']
['이태리상회', '2447']
['논밭골', '360']
['육진정육식당', '273']
['봉천동진순자김밥', '310']
['그릿커피랩', '301']
['들깨향장수밀', '16']
['장군집', '9699']
['깡통닭갈비', '1264']
['신촌황소곱창', '14219']
['꼬주막', '1672']
['마티스커피', '1834']
['남고집', '4243']
['삼촌네', '10030']
['만성양꼬치', '2286']
['전주익산', '250']
['십원집', '8521']
['또순이순대', '474']
['카페정', '1286']
['온정돈까스', '3548']
['용팔이양꼬치', '49']
['바로브레드', '5']
['홍복루', '6']
['라밥', '2733']
['신안갯뻘낙지', '2']
['이노찌', '866']
['신안산낙지철판해물', 'None']
['5다이닝', '123']
['말뚝곱창', '4218']
['춘자싸롱', '3143']
['낭만부대찌개', '378']
['구로곱창', '3342']
['이게국수집', '154']
['베나레스', '15622']
['에머이', '177826']
['갓파스시', '14110']
['메이비', '10715']
['최우영스시', '2441']
['양키스피자', '1030']
['쉐프조', '2276']
['라크라센타', '6217']
['양키스그릴', '876']
['더제이케이키친박스', '1209']
['송원마포갈비', '311']
['대왕곱창', '1693']
['쉼표말랑', '2780']
['칸칸엔인연', '1314']
['코끼리베이글', '2168']
['텐진라멘', '758']
['이한스시', '3569']
['비스트로루다카야', '75']
['한옥집', '21721']
['더함한우골', '346']
['죽변항해물포차', '46']
['더핸드', '613']
['루다미일식', '172']
['허브족발', '4278']
['욥', '2680']
['베이커리옥토버', '252']
['서울초밥', '723']
['당산옛날곱창', '813']
['선유기지', '2216']
['크로미', '199']
['기찻길연탄불생고기', '584']
['히어로멘', '417']
['강남', '7494917']
['진만두', '1333']
['아날로그가든', '3490']
['테일러커피', '77945']
['리틀모모야', '53']
['아메노히커피점', '944']
['사월의물고기', '4704']
['17도씨', '3778']
['glt젤라또', '3332']
['한림돈가', '1402']
['타코로코', '1131']
['헌치브라운', '853']
['독수리다방', '3766']
['완차이', '13075']
['초코블로썸', '919']
['통큰갈비', '3841']
['씽킹인사이드더박스', '299']
['소신이쏘', '3783']
['야바이', '4656']
['티앙팡오후의홍차', '303']
['미스터서왕만두', '818']
['까이식당', '891']
['비밀', '165825']
['리화인와플', '1256']
['와플잇업', '3606']
['후쿠스시', '2519']
['더데이지', '866']
['삭', '5843']
['마더린러베이글', '853']
['아현닭발', '2776']
['파파브레드', '294']
['우리식당', '2934']
['미스터브리즈커피', '1082']
['늘푸른식당', '326']
['대청마루', '6439']
['이오카츠', '3798']
['무국식탁편백집', '15']
['위드브레드', '53']
['테라스', '357898']
['위드미치코', '214']
['옐로우보울', '989']
['철길떡볶이', '2202']
['고릴라', '33404']
['충정각', '602']
['양드림식당', '72']
['입장', '22327']
['깐쪼네', '26']
['더후라이팬', '4496']
['목포산꽃게아구찜탕', '41']
['엣촌맛고을', 'None']
['까페이레', '41']
['나두밥', '13']
['연평도꽃게아구낙지', '13']
['군산아구산꽃게', '254']
['변산반도고향집', '713']
['옛고을닭한마리', '5']
['카페파로', '136']
['영일분식', '1570']
['등촌샤브칼국수', '6206']
['파워식당', '33']
['훔친장어', '179']
['무카이', '464']
['능이버섯백숙', '6583']
['대추나무칼국수', '66']
['난봉꾼', '5932']
['문래약수터', '589']
['일번지포장마차', '158']
['오르리단팥빵', '254']
['신선설농탕', '9754']
['산들해', '4423']
['포레스트카페', '1458']
['슈크레동', '1372']
['마실', '308816']
['굳세어라청춘이닭', '9']
['신의주찹쌀순대', '6680']
['히노야마', '340']
['살구나무집칼국수', '48']
['황소곱창구이', '1307']
['언니김밥', '217']
['미가참숯불갈비', '29']
['황금참치', '695']
['미스터회전초밥왕', '13']
['이가네멧돌빈대떡', '2']
['고을래', '398']
['24시누름돌생고기김치찌개', '35']
['할리스커피', '109446']
['한우통', '482']
['한우마을', '7115']
['지니스테이블', '48']
['고기익는마을', '1332']
['아리랑식당', '794']
['소들유통', '1']
['한국집식당', '264']
['고기선수촌', '3']
['숯불탁탁', '597']
['대양숯불갈비', '42']
['커피볶는곤이네집', '616']
['장금수부대찌개', '1112']
['다시오는순대국', 'None']
['밥맛나는세상', '700']
['제주고기국수', '14128']
['한수치킨', '33']
['원조양평신내서울해장국', '123']
['스시쇼쿠닌', '394']
['피아띠스파게티전문점', 'None']
['이스탄불숯불바베큐', '7']
['구파발', '32481']
['스프링그린', '1894']
['안스베이커리', '14523']
['HUGA', '5182']
['바른스시', '2673']
['수수가든카페', '3677']
['캘리포니아피자키친', '15422']
['면채반', '3425']
['중식당청화당', 'None']
['코피티암', '9830']
['불오징어집', '39']
['커피볶는고양이', '1975']
['세이지', '8982']
['보들이족발', '1011']
['수정불막창', '1005']
['목노집', '678']
['호박', '108917']
['카도야라멘', '1956']
['H3비스트로', '1015']
['허니돈', '2248']
['중화원', '2638']
['불광떡집', '6']
['종로떡집', '1566']
['테루', '8576']
['강용구족발보쌈', '52']
['만선', '7743']
['술집타디스', '163']
['호야네양꼬치', '71']
['반궁', '2820']
['부자냉면부자만두', '33']
['우주미', '840']
['모두와돈까스', '6']
['서부감자국', '472']
['경복궁', '639237']
['오니기리와이규동', 'None']
['59년옛날통닭', '3']
['쌀국수마을420', '153']
['녹번꼼장어', '339']
['장충당', '2320']
['하이드미플리즈', '2119']
['주재근베이커리', '1061']
['산천마루', '177']
['프론토', '8814']
['3호선차이나', '217']
['월출산생오리전문점', 'None']
['왕봉24시해장국', '12']
['즉석우동국수', '9']
['골목스푼', '241']
['동보성', '3450']
['무악해물찜탕', 'None']
['한도올', '169']
['마네키', '11832']
['오케이치킨', '318']
['민영이네', '428']
['우치노마치초밥', '5']
['일품향', '3041']
['왕십리곱창천하', '107']
['대성집', '3179']
['달인꽈배기', '1015']
['원조떡볶이', '759']
['엄마김밥', '4612']
['돈박', '12394']
['메콩싸롱', '14']
['참나라', '46']
['피자리또', '5']
['파파존스피자', '3479']
['영천떡볶이', '58']
['더파크뷰', '26912']
['더라이브러리', '14118']
['아리아께', '4905']
['평안도족발집', '1284']
['패스트리부티크', '4610']
['팔선', '13434']
['태극당', '33708']
['말뚜기족발보쌈', '12']
['투떰즈업', '1994']
['귀일만두', '615']
['목화다방', '1267']
['도네누', '7028']
['일미향', '30']
['춘풍월', '225']
['메그엔스튜디오', '1352']
['태오커피', '293']
['돼지미학', '534']
['베쌀집', '107']
['더코너키친', '2885']
['아니스', '26309']
['일품생고기', '514']
['모찌모찌', '64813']
['알프키친', '3793']
['심플십', '1200']
['한남일류초밥', '269']
['항구도시연구소', '1037']
['부부요리단1탄제주흑돼지갑오징어', 'None']
['이스파이', '38']
['노아베이커리', '6114']
['로이스', '118091']
['씨네드쉐프', '11614']
['포도식당', '571']
['일일향', '11261']
['키라메쿠텐동', '212']
['고물', '4098']
['몽슈슈', '55745']
['하니앤손스', '2952']
['메이드', '765321']
['가티', '3197']
['한성돈까스', '6692']
['닭한마리감자탕', '396']
['굴드커피로스터스', '1154']
['신사소곱창', '14167']
['쁠로13', '1736']
['램쿡', '1073']
['수수커피', '20644']
['목포집', '10532']
['신사양꼬치', '1082']
['베이크치즈타르트', '16152']
['RAPL', '6975']
['몽샹82', '5838']
['젤라띠젤라띠', '38573']
['쟈니로켓', '18289']
['하트타임', '1450']
['살바토레쿠오모', '11864']
['호경전', '1755']
['데블스도어', '55027']
['베테랑분식', '1421']
['빵공방아키', '145']
['스모스시', '352']
['브레드앤밀', '598']
['진할매닭한마리', '678']
['다리원', '853']
['샐러드트리', '262']
['카페비앤유', '210']
['원기충전소', '162']
['명진미식성', '4']
['831숙성통삼겹', '24']
['스파이시빌리지', '556']
['더기스', '303']
['미스터객잔', '3']
['에이셰프크라프트블랑제리', '5']
['토박이감자탕', '203']
['커피팩토리일산', '708']
['묵전문점옥', '40']
['죠스떡볶이', '60427']
['나들목', '4855']
['벌떡구이냉면', '17']
['청정칼국수', '366']
['짚신매운갈비찜', '23909']
['신간짬뽕', '1417']
['생선구이청아라', '4']
['신전떡볶이', '120573']
['맛깔참죽', '724']
['천천히제빵소', '213']
['육화원', '50']
['신촌설렁탕', '2698']
['아리몽', '110']
['노모어슬립', '599']
['오', '68904']
['늘카페', '107']
['금촌화로구이', '197']
['몰토베네', '4147']
['일루션커피', '481']
['우리집갈비', '433']
['언칼국수', '972']
['문산', '63745']
['은하장', '1107']
['노점파스타', '53']
['터줏대감', '5614']
['원조삼거리부대찌개전문', '19']
['믹스앤포차', '513']
['파주맛집조재벌생고기', 'None']
['미소육화', '391']
['박가네밥상', '21']
['참좋은수제도시락', 'None']
['베트남노상식당', '8260']
['더진국', '3665']
['여우곱창', '1161']
['로스2000', '32']
['스타벅스', '5936649']
['만남곱창', '17428']
['치킨클럽', '6802']
['빈대떡신사', '1288']
['달또바기', '2']
['오네스토테이블', '168']
['까망통돼지', '335']
['오아저씨수제고로케', '56']
['아웃백스테이크하우스', '44649']
['제이쿠치나', '583']
['참이맛감자탕상봉점', 'None']
['꿀삼겹', '1028']
['디저트39', '46591']
['어글리스토브', '34321']
['애슐리', '278287']
['TeaHouseNani', '47']
['팡도리노', '2174']
['동강오리', '411']
['쭈꾸미킹2.0', 'None']
['청량', '22657']
['태능담터식당', 'None']
['한가네숯불닭갈비', '4637']
['태릉숯불갈비', '587']
['군선생', '4144']
['오투닭갈비', '836']
['공릉닭한마리', '4024']
['화통집', '3081']
['본추어탕', '73']
['고개통추어탕', '1']
['애프터글로우', '4426']
['팔당냉면', '7499']
['EspritChefs', '520']
['매버릭', '1154']
['담양참떡갈비', '47']
['이치마루', '274']
['다담한식돈까스', '26']
['SAME', '2270091']
['황제삼겹살', '67']
['색동면옥', '1884']
['소리소', '23847']
['소리소라이스앤파스타', '100']
['대천항', '11958']
['훈이네곱창', '110']
['커피마켓', '1893']
['달려라자전거카페', '1']
['길르앗', '403']
['탐앤탐스', '147666']
['라이스앤파스타', '1826']
['커피볶는남자', '1817']
['대갈장군', '7932']
['미소야', '26666']
['고기쟁이', '5088']
['일심단체도시락', 'None']
['청담김밥', '525']
['티바두마리치킨', '6556']
['삼미제분소', 'None']
['도레도레', '194666']
['수타왕중왕손짜장', '11']
['뚜레', '115515']
['향토옹심이메밀칼국수', '2']
['행복도시락', '340']
['도쿄베이커리', '199']
['선정각', 'None']
['가원한방백숙', '16']
['마석갈매기', 'None']
['강창구찹쌀진순대', '973']
['타래함흥냉면', '9']
['쌍둥이해장국', '564']
['창현반점', '6']
['머글까피자&까스동', 'None']
['부부떡집', 'None']
['해미일', '63']
['경태성네육본부', '2']
['춘천꼬꼬닭갈비', '251']
['양가네쪽갈비', '17']
['청평호반닭갈비막국수', '126']
['통큰조개찜구이', 'None']
['삼삼조약돌숯불닭갈비', '533']
['또뽀끼야', '401']
['청평장마당순대국밥', '27']
['앤디스커피앤버거', '40']
['통커피', '77']
['라페스타', '269439']
['가온길', '3881']
['25돈까스', '2']
['함지박', '7084']
['달과6펜스', '5327']
['상천리봉녀수제비', '6']
['가평잣한과', '10']
['유명해물칼국수', '7']
['초옥동해장국', '1']
['행자골청국장', 'None']
['큰가마곰탕', '1']
['백양리', '736']
['남춘천', '3887']
['우성닭갈비', '4518']
['마스터스시', '654']
['홍익궁중전통육개장', '1354']
['쟈스민', '15788']
['퇴계막국수', '394']
['샘토숯불닭갈비', '317']
['Moment', '27677344']
['강화섬돼지토바돈', 'None']
['어썸플레이스', '4889']
['트래블앤쿡', '3264']
['오샤브', '169']
['호아빈오리진', '179']
['미스터피자', '110681']
['열화초불닭', '304']
['유달리', '68881']
['봉평메밀마당', '273']
['채선당플러스', '5151']
['쌍용활어회시장', '81']
['카페하인츠', '1423']
['유리카모메', '7749']
['펀피쉬R', '589']
['국수나무', '39061']
['왕십리용비네한우곱창', '4']
['죠인쉐프뉴욕', '2364']
['갈릭차이나', '306']
['스시히로바', '7261']
['밀러타임', '4010']
['빈스앤베리즈', '2056']
['풍기', '15624']
['풍기역전앞부산식당', 'None']
['예가떡폐백이바지전문', 'None']
['홍두깨칼국수', '6993']
['장어사냥', '1061']
['은정갈비', '54']
['재벌짬뽕', '365']
['치르치르', '34330']
['삼부자황제갈비살', '49']
['유림분식', '216']
['현대갈비', '210']
['올래즉석멸치국수', 'None']
['곤지암백간난소머리국밥', 'None']
['유정고기마당', '14']
['원당대박순대국', 'None']
['플레이스205', '195']
['황인호의원당수제고로케', '123']
['진땡이', '1712']
['벙개막창', '1002']
['불곱창시즌1', '34']
['커즌비병맛커피', '17']
['오사카탕수육', '51']
['스시619', '64']
['묵호수산횟집', 'None']
['메이앤슈가', '1450']
['모란각', '498']
['윤선희의평양냉면양각도', '39']
['519브런치룸', '197']
['만뽀', '5105']
['제이스버거', '2646']
['카페베르', '2160']
['장수토종삼계탕', '239']
['카페드나탈리', '1772']
['군원', '212']
['심플리브레드', '781']
['대동관', '1717']
['아사히', '172331']
['티파니레스토랑', '13']
['서울황소곱창', '30']
['해물촌조개구이', '4']
['미참치', '233']
['토오루', '1745']
['오향선', '3067']
['원조쌈밥집', '1192']
['오크셔통돼지철판', '10']
['오떡', '9813']
['밀탑', '38669']
['서동관', '1048']
['을밀대', '45955']
['슈라즈케이크', '4483']
['남궁', 'None']
['육대장', '15747']
['황금똥빵', '1569']
['트리플제이', '1928']
['더트러플', '508']
['가야밀면', '34358']
['쭈문진', '18']
['고성막국수', '1503']
['사모님짬뽕', '643']
['정겨운오뎅집', '989']
['신촌기사식당', '41']
['더팬1913', '43']
['밥으로맺은정', '3']
['티아마트', '34']
['서천영양탕', '13']
['동화마을잔칫날', '101']
['원조이모포장마차', '12']
['만세면옥', '162']
['원조나주곰탕', '373']
['더웨스트햄릿', '58']
['알볼로', '16374']
['콩두', '6454']
['육손곱창전골', '5']
['오주방', '1586']
['서울양대창', '63']
['허니힐베이커리', '4']
['대원각', '328']
['브레드킹', '14']
['리틀사이공', '21206']
['파스퇴르밀크바', '4951']
['헤븐온탑', '13268']
['사이드쇼', '22773']
['코코이찌방야', '26663']
['딘타이펑', '82140']
['폴바셋', '308984']
['사보텐', '29737']
['프리가프리미엄', '252']
['르헤브드베베', '2256']
['카이조쿠', '283']
['카페콜럼버스', '122']
['카페움플레이트', '799']
['순수커피', '487']
['한우정곰탕', '27']
['규스커피', '26']
['커피베이', '27689']
['브런치팩토리', '1658']
['발산삼계탕', '1475']
['광주똑순이', '149']
['더블랙', '3207']
['강릉엄지네꼬막집', '373']
['백두한우곱창', '2255']
['부부칼국수만두', 'None']
['배꼽집', '5536']
['맛찬들왕소금구이', '20214']
['매드포갈릭', '119304']
['파란리본고양이', '572']
['육화몽', '3410']
['아이엠키친', '213']
['충북식당', '808']
['준스시', '2333']
['메밀이랑면이랑', '77']
['봉평이네메밀막국수', '5']
['메가커피', '22574']
['맛거리', '2397']
['자연과함께한칼국수', '32']
['기와스시', '222']
['라라코스트', '90476']
['오재영스시', '398']
['메리하하', '3467']
['참한아구', '56']
['스테이크레이브', '4902']
['일층집부대찌개', '71']
['오남매닭갈비', '966']
['파티세리소나', '2200']
['황금오리농장', '753']
['초가집부뚜막청국장', '31']
['본차이나', '3653']
['봉평막국수', '5268']
['두원집', '69']
['카페쿤츠', '268']
['서라벌한정식', '276']
['아모르버터', '1174']
['에페커피', '687']
['신세카이', '13578']
['한스', '16358']
['옛날마차', '3010']
['연어&멘', 'None']
['서가앤쿡', '265204']
['달달애', '678']
['푸오꼬', '109']
['일미락', '9326']
['오목집', '2055']
['라고파스타', '1792']
['스시쇼', '627']
['에프스토리', '2033']
['스시다마', '903']
['씨포', '1735']
['신길동매운짬뽕', '4216']
['신해림샤브뷔페', '2']
['견블리', '273']
['함흥냉면명가신면옥', '1']
['토시래', '11264']
['자연드림', '26894']
['레어그루브', '1045']
['신길양꼬치구이', '4']
['생활맥주', '56842']
['영원식당', '484']
['하쯔호', '1152']
['워킹온더클라우드', '8925']
['63뷔페파빌리온', '741']
['슈치쿠', '2374']
['고메브레드', '300']
['백리향', '5825']
['희정식당', '1800']
['브레드05', '3466']
['핑하오', '334']
['알토브레드', '1167']
['조박집', '4570']
['산동만두', '2630']
['역전회관', '2750']
['갈스시', '1798']
['원마산아구찜', '411']
['치킨혁명', '1254']
['이요이요스시', '2639']
['정대포', '1278']
['정미', '2860']
['문스타파', '502']
['무삼면옥', '411']
['하하', '269790']
['청년장사꾼감자집', '713']
['양지설렁탕', '650']
['굴다리식당', '3275']
['탑클라우드23', '2307']
['신성각', '894']
['한양시래기명태조림', '265']
['아메카제', '283']
['황금콩밭', '578']
['아현동간장게장', '1175']
['송백부대찌개', '287']
['하오밍', '43']
['태복', '258']
['행화탕', '3197']
['메이탄', '2244']
['치킨처럼', '712']
['군계일닭', '562']
['올어바웃카페', '330']
['루소랩', '4939']
['더스푼', '2950']
['서대문족발', '978']
['물뛴다', '311']
['띵스체인지', '312']
['끼아로젤라떼리아', '647']
['비스테이크', '553']
['폴앤폴리나', '9381']
['찰스에이치', '619']
['오가와', '3696']
['광화문오향족발', '25']
['포비', '46895']
['파네트크루아상팩토리', '3']
['힐사이드테이블', '2712']
['어글리베이커리', '5411']
['빙하의별', '10104']
['청어람곱창전골', '156']
['망원동내커피', '7681']
['족발귀신', '1678']
['델리하노이', '10']
['오늘의위로', '3643']
['상도다방', '968']
['만나식당', '1127']
['순대일번지', '1390']
['당도', '11826']
['키오스크', '12065']
['복덕방', '7869']
['경기떡집', '1899']
['미자카야', '5377']
['라멘베라보', '3446']
['딥블루레이크커피', '33']
['카페톤', '4356']
['오라방', '10845']
['프롬하노이', '2478']
['옥동식', '4356']
['크레이지카츠', '3312']
['카밀로라자네리아', '1660']
['오스테리아샘킴', '4068']
['류지', '5639']
['야마뜨', '855']
['퓨전선술집', '1262']
['오레노라멘', '3283']
['잇텐고', '13548']
['듁스커피', '13721']
['겐지', '17807']
['맛이차이나', '4756']
['뭄알로이', '6124']
['몬비엣', '1080']
['스시시로', '2577']
['히데미', '196']
['구스토타코', '2022']
['비스트로달고나', '739']
['유니크스윗', '446']
['피자스쿨', '38565']
['우스블랑', '7624']
['아성빈대떡', '1']
['다과상사', '2394']
['용문해장국', '409']
['마다가스카르', '7823']
['산골녹차냉면', '57']
['투다리', '37135']
['한성옥', '465']
['돈치앤', '53']
['PINT', '552288']
['호머', '5808']
['라플랑끄', '3041']
['플랜트', '17985']
['챔프커피', 'None']
['브라이리퍼블릭', '3888']
['매덕스피자', '10110']
['트렌치타운', '642']
['하시엔다', '3569']
['라이포스트', '2792']
['탭퍼블릭', '3299']
['아방뮤제', '6350']
['HappySexyEnjoy', '404']
['라페름', '21417']
['마렘마트라토리아', '157']
['피에', '5698']
['파르크', '2707']
['울프소셜클럽', '2095']
['베라피자나폴리', '359']
['루틴', '17360']
['오메가3삼계탕', '59']
['만포막국수', '970']
['약수순대국', '609']
['진남포면옥', '926']
['하이디하우스', '1024']
['토리아에즈', '1167']
['화수분베이커리', '493']
['장다리', '1673']
['리사르커피로스터스', '2116']
['커피공장', '27738']
['우성갈비', '839']
['미미국수', '1987']
['바오쯔', '2291']
['브레드디', '128']
['오챠드1974', '2392']
['국수가좋아', '433']
['신당동막내아들네', 'None']
['신당동천팥죽', '101']
['마복림원조할머니집떡볶이', '13']
['우정', '1023859']
['만경식당', '258']
['깃대봉냉면', '1495']
['궁나라냉면묵밥', '9']
['쌍용반점', '748']
['코리안덕', '196']
['동문각', '5']
['BBQ치킨', '6758']
['닌자초밥', '7061']
['혜성칼국수', '1044']
['낙산고을', 'None']
['카페플러터', '853']
['비나케이크', '539']
['바룩베이커리', '37']
['안동반점', '1331']
['한상차림밥상', '118']
['달콤퐁당', '545']
['카페아무흐', '430']
['라운드테이블', '3674']
['마온', '1150']
['오모테산도', '131485']
['나그네파전', '1176']
['코케코코', '1225']
['비나', '1601']
['카페뚜이', '169']
['카페브레송', '661']
['중국관', '1537']
['고래돈가스', '23']
['더테이블', '23573']
['라망', '10819']
['자스민', '20483']
['공복', '49989']
['카페잇', '11656']
['화덕과베토벤', '782']
['바이트미', '1835']
['쌈촌', '2954']
['메밀촌', '1056']
['피자가기가막혀', '338']
['센', '10993']
['구은몽', '1']
['제일콩집', '537']
['참Soup', '602']
['브레드스팟', '647']
['하노이별', '5932']
['소문난멸치국수', '413']
['닭한마리', '81323']
['던모스', '1614']
['빛나는바다', '3855']
['표준커피', '2192']
['진라멘', '268']
['브로이하우스바네하임', '336']
['BHC치킨', '32998']
['달콤한순간', '727']
['박가네낙지한마리', '39']
['서서떡볶이', '180']
['저스트두잇버거앤치킨', '199']
['해물이네', '145']
['수락산숯불닭갈비', '30']
['우리나라', '57811']
['장암골', '7']
['장재울토종순대국', '2']
['도봉산양고기', '275']
['민락촌', '118']
['옹기꽃게장', '3385']
['산과산사이커피로드', '38']
['더밸리', '130']
['도봉산갈비', '157']
['영수네감자국', '116']
['인디언소울', '690']
['도봉산팔뚝집', '686']
['장어가', '2914']
['강강술래', '14602']
['가재골수제비', '307']
['수락산풍천민물장어', '1']
['다찜', '500']
['수락산참치', '197']
['비와별닭갈비', '2199']
['카페플로렌스', '116']
['최가스시', '8']
['봉평산골메밀촌', '744']
['55닭갈비', '477']
['올리볼렌', '2306']
['엘리제과자점', '45']
['고향마을', '640']
['궁중명가', '1']
['행복한밀가루', 'None']
['내사랑족발', '1060']
['녹동뻘낙지', '246']
['하이가쯔', '224']
['스담', '467']
['원조짜장떡볶이', '818']
['마네키네코', '11832']
['전주순대국', '497']
['시골청국장', '435']
['하누에뜰', '260']
['다루다', '740']
['이화원', '16657']
['금호불고기', '179']
['운비족발', '56']
['곤드레쌈밥집', '103']
['홍짜장', '7867']
['상주한우', '105']
['닭한마리칼국수', '9390']
['신금호떡집', '10']
['홍스쭈꾸미', '6696']
['호치킨', '27627']
['해물명가', '520']
['행당개인카페', '179']
['다슬이네', '2604']
['청춘극장', '3092']
['만두전빵', '191']
['신사', '1287455']
['오코노미야끼', '113840']
['강정구의피자생각', '2429']
['짬뽕상회', '9143']
['한우고향', '123']
['화로구이', '46177']
['심가네한우고집', '30']
['삼포집', '1019']
['네네치킨', '107154']
['황귀닭곰탕마장', 'None']
['마장감자탕', '44']
['대한닭발1979', '1149']
['스시긴', '2995']
['디어테이블', '1695']
['일미간장게장', '1993']
['장안정', '1567']
['짬뽕타운24시', '197']
['고봉민김밥인', '1055']
['양대창구이전문점왕십리', '6']
['로이앤벨라', '49']
['항방양육관', '1814']
['이이요', '1009']
['초이고야', '6189']
['LAB41', '887']
['리틀톡스커피', '268']
['대한곱창', '6946']
['카페래디언트', '32']
['피자컴퍼니', '2872']
['라멘미세', '358']
['마리모', '31422']
['바나나토크', '3084']
['아차산할아버지', '221']
['소바쿠', '1073']
['김병진베이커리', '106']
['메종드타르트', '979']
['신토불이떡볶이', '13107']
['순금이떡볶이', '264']
['안다즈커피', '1492']
['망향비빔국수', '18155']
['아차산손두부', '40']
['블랑제리1117', '178']
['아키노유키', '4212']
['쭈꾸쭈꾸쭈꾸미', '1319']
['보타이', '22802']
['족발선생', '1545']
['영춘똥꼬닭발', '673']
['비스트로메타포', '544']
['천호쭈꾸미', '2817']
['미니회바', '762']
['강동KD부대찌개나눔터', '1']
['모범떡볶이와수제돈까스', '140']
['율베이커리', '771']
['오형제손짜장마을', '206']
['한촌설렁탕', '5448']
['강동호치민', '646']
['하람김밥', '26']
['한신포차', '246850']
['외계인커피', '763']
['유나미네즉석떡볶이', 'None']
['베프상회', '393']
['모리식당', '485']
['서울커리', '743']
['요술', '2838']
['빈터커피로스터스', '402']
['영화정해장국', '11']
['테마라면', '304']
['명일원조닭발', '212']
['비바폴로', '7256']
['꾸러기분식', '476']
['마포갈비', '6325']
['MulBar', '1814']
['메콩타이', '18041']
['카모메', '5892']
['농협안심한우', '767']
['빕스', '287826']
['스푼더마켓', '7465']
['놀부부대찌개&철판구이', 'None']
['피쉬앤그릴', '8911']
['카쿠', '2589']
['백년화편', '1368']
['온온', '1058']
['제주아줌마집', '703']
['피에로커피', '1869']
['휘스펍', '421']
['오또상키친', '246']
['다빈치벡터파크', '242']
['카페메종드한', '385']
['에이컷스테이크', '2395']
['썸씽에스프레소', '37']
['스타쉐프바이후남', '456']
['포유티', '177']
['큐스시', '1689']
['농부의꿈', '848']
['벽제갈비', '8080']
['뽀르타블루', '257']
['프로퍼커피바', '13226']
['금왕평양면옥', '604']
['신서방부대고기', '56']
['단풍애김밥', '455']
['연화산', '2197']
['본죽', '65287']
['커피볶는집애즈', '1']
['비트윈옐로우', '136']
['알레아파리', '210']
['데브짱', '785']
['동촌보리밥돈까스', '36']
['인키친', '192']
['베트남쌀국수', '102387']
['딱좋아', '70734']
['뮤지키사운드', '812']
['양곱막', '288']
['김씨네명가국수&불냉면', 'None']
['은혜곱창', '516']
['금봉족발', '1']
['옥토끼제면소', '611']
['뚜띠쿠치나', '5927']
['옛집흑돼지촌', 'None']
['큰맘할매순대국', '2432']
['맛깔참죽&나누미떡볶이', 'None']
['스시냥', '518']
['불티나손만두', '105']
['단골구함', '459']
['제주아방', '2518']
['두메골돌솥쌈밥', '1']
['일품간장게장', '63']
['제주도그릴', '5648']
['이가네가마솥설렁탕', '36']
['바로전집', '193']
['섬진강참숯민물장어', '193']
['역촌왕돈까스', '418']
['쿠아레비', '801']
['충무로감자탕', '10']
['월남선생', '4347']
['만포면옥', '1343']
['노비어노라이프', '1077']
['산너머남촌', '932']
['카페달력', '1615']
['나무자전거', '644']
['코스모스분식', '398']
['드럼통라갈비', '2']
['슬러프커피', '917']
['윈첼지리산생고기', 'None']
['한나식빵', '1523']
['마마수제만두', '368']
['카페아사', '1005']
['칠성포차', '36295']
['시골감자국', '58']
['우드사이드커피', '1016']
['다정한망각', '244']
['국민반점', '463']
['알오삼계탕', '9']
['파리바게뜨', '80025']
['치치', '53212']
['마리아정레시피', '2458']
['브라운그릴', '507']
['낙지먹자', '13']
['대공원포도밭', '44']
['행복찹쌀떡', '512']
['홈스테이크', '6523']
['아지트', '251329']
['우리떡방앗간', '16']
['오성감자탕', '4']
['바니양념치킨', '3']
['떡고을', '176']
['관악식당', '4']
['순대나라', '177']
['티투', '3517']
['하와이식당', '2028']
['김밥과스파게티', '76']
['프라비다', '935']
['콩나물해장국', '18423']
['오성양꼬치', '570']
['성신반점인덕원양꼬치', '8']
['홍운각', '192']
['남부식당', '756']
['이대감우리소', '82']
['갓플레이스', '282']
['라멘키분', '1062']
['철든놈', '23114']
['쿠마', '23120']
['와플블래스', '3']
['한스케익', '16592']
['보메비체', '2114']
['부추삼겹살', '11206']
['마초쉐프', '43074']
['아웃닭', '66916']
['항아리보쌈', '17258']
['찌개지존', '658']
['털보네떡볶이', '35']
['좋은날피에스타', '8']
['군산오징어', '18738']
['서래통', '2316']
['레드브릭', '4382']
['여신족발', '678']
['춘천옥', '866']
['인디아게이트', '3547']
['스시마이우', '8452']
['선향정샤브샤브', '500']
['홍대돈부리', '37325']
['25카츠', '2279']
['철판목장', '4595']
['포보스', '2072']
['관악감자탕', '14']
['재동골순대보쌈', 'None']
['도미노피자', '208384']
['엘에이호프', '2']
['삼막골샤브샤브', '11']
['대림떡집', '4']
['서소문순두부보쌈', '231']
['본가한방족발', '1']
['도담바지락칼국수', '11']
['캘리포니아', '284371']
['65디그리스', '26']
['연막술', '12270']
['삼촌식당', '2716']
['어반시크', '1993']
['코벤트가든', '23196']
['아지매순대국', '9']
['군포식당', '249']
['골목집', '8457']
['진주집', '11529']
['싸오타이포차', '617']
['윤대감참숯등갈비', '298']
['쭈박', '511']
['피자정', '107']
['예감쪽갈비', '2949']
['촛불조방낙지', '1']
['군포떡집', '21']
['나이트티', '965']
['국수파동', '655']
['벨라튀니지', '145']
['블루펍', '653']
['바네통', '287']
['키와마루아지', '8451']
['비추는별', '1500']
['낮것상칼국수', '51']
['히토리', '3218']
['본찌돈까스', '118']
['수모임', '62']
['태백막국수', '52']
['커피주택', '4984']
['청와대갈비', '17']
['경기회수산', '6']
['Begin195', '1046']
['바울아저씨', '6075']
['니지퓨전일식', '9']
['정통춘천닭갈비', '1157']
['바이크빈', '276']
['대구원조까미생막창누네서네', 'None']
['다이닝살룬', '243']
['영향', '3490']
['스시옥', '364']
['홍수계안동찜닭', '229']
['금대한우도매식당', '31']
['뽕나무쟁이족발동두천진짜부대찌개', '2703']
['1인자감자탕', '396']
['천지회관', '73']
['수원성옛설렁탕', '9']
['필디스모먼트', '870']
['홀리커피', '238']
['대풍원', '140']
['옻닭집', '48']
['더티엔', '29']
['매울만두하지', '257']
['디디치킨', '9821']
['싱싱회타운', '34']
['장원떡집', '5']
['핏제리아다루카', '291']
['빵토리', '3760']
['별스시', '348']
['드림독', '650']
['무진장갈비', '38']
['브로한', '172']
['죽이야기', '5769']
['취풍덕', '425']
['홍가네가든', '12']
['마루샤브', '6726']
['삼미포차', '22']
['카페시스', '4885']
['오레오양꼬치', '5']
['셰프마스터', '317']
['최가네불짬뽕', '48']
['신화닭발', '866']
['본가왕뼈감자탕', '200']
['대명오리', '167']
['물향기쌈밥정식', '4']
['화진정', '40']
['문경새재', '48966']
['킴홍베트남쌀국수', 'None']
['대흥식당', '1650']
['오리향', '51']
['천지연', '83698']
['포크두개바베큐치킨', 'None']
['담케이크', '1031']
['원샷', '120058']
['아라리만두', '50']
['김네집', '4838']
['세모분식', '1732']
['영빈루', '4980']
['뉴욕스키친', '507']
['어가촌', '729']
['춘옥', '833']
['음악당', '3594']
['록키즈버거', '1380']
['그램그램', '56286']
['카페폼', '922']
['유가네곱창넷', '3']
['더맛있는김밥', '37']
['조가네부대찌개', '28']
['컵스앤쿡', '17']
['역전식당', '789']
['베이컨시', '507']
['진미집', '5477']
['79네수육국밥과철판', '250']
['모티마할', '1138']
['군계폐계닭', '811']
['민족의부대찌개', '51']
['오말리', '4788']
['개화식당', '242']
['도쿄식당', '3601']
['장수손칼국수', '131']
['나랑', '82320']
['그녀의돈까스', '267']
['다루', '4978']
['미소가득', '4132']
['자매곱창', '575']
['꼬맹이김밥', '124']
['일품한우정육점식당', 'None']
['청중화요리', '5']
['다우홈', 'None']
['대원', '47704']
['닭강정총각', '26']
['커피인더스트리', '2838']
['한참치', '3009']
['우차돈', '6']
['할매냉면', '721']
['커피하우스', '9322']
['장스치킨', '452']
['카페하라', '478']
['석기정', '950']
['명품철판닭갈비', '4']
['보나카바', '6159']
['미사리밀빛초계국수', '6450']
['봉평메밀막국수전통보리밥', '4741']
['운봉소갈비전문점', '4']
['목포식당', '1012']
['본가장수촌', '929']
['구수옥', '828']
['삿뽀로', '50405']
['아메리칸트레일러', '5603']
['이케아레스토랑', '6315']
['카페덕안', '641']
['생어거스틴', '72751']
['빌라드샬롯', '11636']
['브로버거', '570']
['백합칼국수', '2952']
['발재반점', '1892']
['데일리로스트커피', '1580']
['스시한판', '8884']
['카페더치즈케이크', '732']
['만들기전문점', '563']
['비비스토리', '1846']
['옥상식당', '3165']
['산쪼메', '26759']
['커피볶는집마실', '18']
['더식당', '16826']
['크래프트한스', '17015']
['긴자', '120794']
['교동전선생', '5043']
['유가네들깨수제비', '8']
['착한고기', '3216']
['군포농장보신정', 'None']
['솔향기', '1858']
['에벤에셀분식나라', 'None']
['낙원떡방앗간', '10']
['청학골도야지', 'None']
['만나와메추라기', '63']
['전주콩나물국밥콩나물낙지볶음', '14338']
['왕손쌈밥', '60']
['이동닭한마리칼국수', '8']
['좋은아침PASTRY', '482']
['명품쭈꾸미', '51']
['오늘도숯불화덕구이', '6']
['동산떡집', 'None']
['시골우렁쌈밥', '110']
['서현닭발', '53']
['쉬림프라운', '3408']
['지수사', '1290']
['써니데이서비스', '1402']
['할리비어', '2614']
['토레로', '1604']
['메종드케이크', '946']
['쉐프스라운지', '1305']
['로맨틱스탠다드', '5906']
['아오모리', '14902']
['김제한우', '1144']
['알페인', '1661']
['염대감나주곰탕', '140']
['더미디움', '373']
['진성관', '727']
['뮤트라운지', '1563']
['이윤정의낙지한마리수제비와보쌈', '15']
['베트남고향식당', '1585']
['소담떡', '409']
['팟타이', '233493']
['뉴타지마할', '47']
['수왈레스토랑', '2']
['늘푸른집', '32']
['도일로60.15', 'None']
['칸티푸르레스토랑', '38']
['뚱보꼬치', '10']
['사마리칸트', '992']
['여자말을잘듣자', '4770']
['한짬뽕', '731']
['한우리농장', '153']
['하오란짬뽕', '1']
['청룡관', '66']
['대가떡집', '30']
['쭈노떡볶이', '17']
['복성순대국', '15']
['송이족발', '7301']
['미래복아구찜', 'None']
['남경관', '13']
['맘스터치', '164856']
['한스델리', '21344']
['낙원복떡집', 'None']
['씨사이드레스토랑', '5']
['이바돔감자탕', '12176']
['어부와바다', '129']
['피자몰', '35769']
['돌로미티아이스크림', 'None']
['더카페', '10309']
['팔칠닭강정', '1004']
['춘향양꼬치', '168']
['후쿠야', '731']
['파스타카페가든', '403']
['봉쥬비어', '19042']
['하루국수', '210']
['스시쿠야', '377']
['서울명동찌개', '28']
['착한돈삼이네', '164']
['쇼샤돈부리', '124']
['브이떡볶이126', '37']
['조아저씨빵집', '444']
['달팽이커피집', '113']
['화호이하롱관', '134']
['신동', '99330']
['갈비씨', '5823']
['꿈꾸는다락방', '15057']
['강원토종삼계탕', '711']
['호미불닭발', '7575']
['토리마쯔리', '363']
['르시엘', '1189']
['어부의밥상', '863']
['어서오새우', '1011']
['스시정', '3378']
['공사하우스', '1799']
['복돼지집', '289']
['보니타디카페', '2896']
['에픽', '12314']
['일품향마라향솥', '147']
['레드락', '52453']
['콩설기', '4076']
['삼미당', '1305']
['위대한카페', '2610']
['엠바웃', '2331']
['단아한베짱이', '476']
['베란다컵케이크', '521']
['지로', '6045']
['비오톱101', '2720']
['뽀까뽀까', '4046']
['모밀애', '28']
['황금게장', '370']
['the숯불닭', '13']
['끽다점', '399']
['거북곱창', '3836']
['소소비루', '208']
['크레페하우스', '40']
['옛날식김치찌개', '296']
['오목골즉석메밀우동', '836']
['백령면옥', '929']
['가격파괴범', '156']
['모노에스프레소', '537']
['초밥마루', '116']
['숭의가든', '448']
['모미락', '166']
['명품삼계탕', '310']
['크레플', '207']
['신승반점', '12319']
['원보', '834']
['만다복', '11596']
['홍두병', '7232']
['다다복', '563']
['팟알', '3327']
['십리향', '1516']
['중국제과담', '397']
['연경', '17868']
['신', '3429569']
['비어펍', '1517']
['주먹쥔갈매기', '49']
['안주파티', '1051']
['빨봉분식', '38541']
['리틀하노이', '1889']
['김떡비', '243']
['아로이', '2218']
['떡애', 'None']
['카페이유', '2508']
['멜로우시티', '1566']
['하늘자전거', '2897']
['차이나텐진', '13']
['또모찌', '179']
['치킨과외것들', '13']
['왕또떡볶이', '1']
['서신분식', '162']
['요거프레소', '148580']
['효재네맛집', '7']
['금강산숯불갈비', '39']
['한우평', '34']
['형제닭집', '26']
['야래향', '2159']
['먹돌래식당', 'None']
['린', '40130']
['식객', '26647']
['수림공원가든', '51']
['이화찹쌀순대', '219']
['대도닭강정', '151']
['신일반점', '129']
['창영떡집', '32']
['아레나', '1465189']
['웅이네족발', '120']
['성원식당', '724']
['엘레나가든', '1472']
['천영토시살전문', 'None']
['신흥정육식당', '1324']
['아뜰리에낭만앵', '1094']
['하루동', '2695']
['커피상동시장', 'None']
['순흥골숯불갈비', '10']
['뿔난쭈꾸미', '620']
['육영맥반석치킨', 'None']
['속초생선찜구이', '7']
['치킨678', '1520']
['웜이디자인베이킹', '3']
['초가메밀우동', 'None']
['선어락', '5']
['고기사냥', '284']
['신성관', '104']
['커피유', '4431']
['손두부보쌈', '106']
['더스퀘어', '3348']
['24박영식등뼈찌개', '16']
['라롬드빵', '12']
['하회마을포차빠', '18']
['열대야', '112694']
['아다미식당', '62']
['청키면가', '10191']
['트라토리아식구', '1194']
['바네스타코', '6150']
['이디야커피', '47835']
['선정릉', '44235']
['레트로오븐', '611']
['살루쪼', '453']
['후웨이즈', '1098']
['달빛보쌈', '545']
['오묘한과자점', '2937']
['노란주전자', '482']
['나비식탁', '399']
['칠백식당', '4009']
['코퍼룸', '720']
['구름공방', '5544']
['준호네부대찌개', '185']
['플로렌스파티하우스', '791']
['수타우동겐', '2214']
['모조더라운지', '770']
['락빈닭칼국수', '30']
['맛있는초밥집', '2567']
['유메야', '637']
['카레공방', '887']
['교동짬뽕천하통일', '3']
['짱가네', '1474']
['모박사', '446']
['송화양꼬치', '3845']
['커피의정원', '504']
['김씨부엌', '908']
['한조', '10845']
['페삭', '691']
['지오쿠치나', '1801']
['이천쌀밥나랏님', '323']
['개성전통삼계탕', '45']
['수내칡냉면', '586']
['보물촌꺼먹돼지', '339']
['쉐프깐딴떼', '136']
['스시쿤', '4408']
['행복치킨', '1845']
['오토코', '7054']
['야몽야몽크래프트비어펍', '297']
['미방', '4816']
['카리', '61505']
['하누비노', '2665']
['봄날에청국장', '114']
['핌리코', '3384']
['코이라멘', '8133']
['더피크닉', '3403']
['망고식스', '49009']
['맥도날드', '721780']
['호프호프', '30']
['비엣테이블', '324']
['뚱이네간장게장', '44']
['두리쪽갈비', '484']
['커피연가', '687']
['죽전', '192541']
['쏘렐라', '3332']
['백미당', '192770']
['화락', '1446']
['이흥용과자점', '6472']
['한우리', '13434']
['아이엠어버거', '28487']
['스시유', '1500']
['유성손칼국수', '44']
['해천옥설렁탕', '45']
['고가', '4298']
['암소제비추리', '22']
['우리수산', '1365']
['24시전주콩나물국밥', '480']
['풍천숯불갈비', '34']
['하이난', '31914']
['밥엔청국장', '59']
['시민수산', '26']
['셀렉토커피', '12827']
['뜨락손두부감자탕', '1']
['위즈빈', '9']
['스시다미', '718']
['좀비떡볶이', '196']
"[""It'sGoodBakeryCafe""", 'None']
['분식대장', '1011']
['생국수본가', '31']
['커피맘', '2034']
['노리타', '3712']
['하이드파크', '17372']
['서해회바다', '9']
['기와집순두부', '3414']
['소나무정원', '806']
['수담', '4173']
['삼대째손두부', '1394']
['토마토아저씨', '882']
['좌우지간', '297']
['뉴델리', '9730']
['꽃찬찜닭', '723']
['머내', '678']
['얜시부', '313']
['구노포차', '3266']
['어거스트구스토', '1074']
['노군맥주', '2761']
['카페오후엔', '23']
['아름다운땅', '1466']
['갯벌스타일', '597']
['중국미식성', '171']
['서울24시감자탕해장국', '24']
['그랑블루', '17815']
['하얀풍차제과점', '933']
['다우스시', '341']
['서윤한정식', '33']
['먹튀', '55388']
['유치회관', '5846']
['이나경송탄부대찌개', '5676']
['구들짱황소곱창삼겹살', '20']
['곤드레밥집', '2598']
['도프셰프', '3066']
['보영만두', '14198']
['포동이네', '5317']
['전라도막회집', '37']
['바오스앤밥스', '1515']
['헤븐스도어', '887']
['월곶회센타', '41']
['월곶토종한우마을4호점', 'None']
['전라도회일번지', '9']
['전라도혜자매식당', '8']
['피자나눔터', '23']
['군산바다횟집', '34']
['송가송가만두전골', 'None']
['화동옥', '1121']
['해남수산', '3786']
['정자담한정식', '227']
['예산수산', '47']
['소래포구', '135017']
['대게수산', '2244']
['돈까스마루', '757']
['가연수산', '46']
['호남횟집', '397']
['회마루', '120']
['달미인', '2738']
['유니드마이요거트', '1492']
['홍대구루메', '599']
['가비&커피', 'None']
['대천부양꼬치', '827']
['아비꼬', '77923']
['홍도씨커피집', '256']
['다보성', '15']
['박종순갈비명가', 'None']
['오모가리', '810']
['이디야', '335148']
['해밀푸드', 'None']
['양평해장국', '20263']
['남동공단떡볶이', '1033']
['돈대접', '4']
['우리가본집', '2089']
['마추피추', '2627']
['은하철판9992', '229']
['디벨로핑룸', '984']
['크라비', '21523']
['찹쌀순대만드는집', '59']
['송쭈집', '3000']
['코비스', '440']
['뽕달네참숯불닭갈비', '45']
['월남쌈김상사', '4562']
['남동모밀방', '9']
['무수옥', '1545']
['삼오곱창', '114']
['Cafe1253', '38']
['묵은지사랑', '237']
['이퓨레', '284']
['써이포차나', '397']
['매워도다시한번', '135']
['청아라', '768']
['오마이삼겹살', '19']
['신라삼계탕', '506']
['더치480', '2048']
['사쿠라멘', '2807']
['의정생고기', '6']
['젠틀차이나', '33']
['조금느린집', '987']
['워낭소리', '3548']
['겐조스시', '909']
['아세안익스프레스', '336']
['깡통돌곱창', '4243']
['신래향', '131']
['1978', '319170']
['겐텐', '3212']
['스쿨푸드', '45930']
['부야스곱창', '21245']
['예향재', '207']
['불만난쭈꾸미', '148']
['굽네치킨', '119935']
['뜨락가든', '9']
['쭈꾸미아저씨', '2657']
['유월의아침', '24']
['코리안숯불바베큐', '2114']
['무한버섯나라', '465']
['전국5대짬뽕교동짬뽕', '21']
['막줄래국시', '426']
['압구정해장국식당', 'None']
['김경자소문난대구왕뽈찜', '676']
['김돼지네', '7']
['꺼먹돼지', '2161']
['안골', '5916']
['초원마차', '173']
['추오정남원추어탕', '595']
['홍삼오리회전구이', 'None']
['김떡배', '128']
['고구려삼계탕', '167']
['가나기사식당', '203']
['라구', '8801']
['뚱가네수제갈비', '48']
['야미앤바베쿡스', '415']
['아리랑갈비', '514']
['꼬치굽는브라더', '499']
['3일소고기국밥지행점', 'None']
['장모님진해장국', 'None']
['제리스', '585']
['해물천하조개구이', '630']
['인비토', '1308']
['송월관', '747']
['평남면옥', '360']
['처가집부대고기', '1']
['충남칼국수', '155']
['별미칡냉면', '700']
['소요산면옥', '19']
['카페엣', '266']
['카페윙', '113']
['금락일식', '9']
['서가해물찜찜찜', 'None']
['신흥숯불갈비', '2']
['소요산신흥', '1']
['유경참나무장작구이', '3']
['가마솥밥집', '107']
['카페파우스', '1']
['명품한우축산물식당', '2']
['조선곰탕', '358']
['넓은공간', '1560']
['다래현', '15']
['동천골', '70']
['구룡', '6466']
['개포동', '44644']
['대모산입구', '486']
['복정', '11134']
['텐노트커피', '509']
['코그노센티', '2970']
['플랩잭팬트리', '15798']
['복정골', '12']
['카페33-3', 'None']
['타바스', '6212']
['회기왕족발보쌈', '547']
['경발원', '724']
['오관스시', '658']
['커피컵', '6476']
['봉이만두', '601']
['백수씨심야식당', '2347']
['치맥파이브', '1230']
['와요', '6021']
['배트콩', '568']
['러블티', '1416']
['고려관', '123']
['사나이뚝배기', '201']
['스시누리', '142']
['시월애도토리', '363']
['강금옥쭈꾸미', '443']
['짬뽕이네', '25']
['옛가칼국수', '151']
['박가네뼈다귀감자탕', '36']
['한방닭터', '22']
['화니', '10842']
['구리', '322877']
['원조유박사곱창', '100']
['명점', '279']
['보배곱창', '3194']
['인창쭈꾸미', '2172']
['이모네곱창', '5531']
['육회공작소', '21710']
['말미가든', 'None']
['은행나무집', '2377']
['리빠똥치킨호프', 'None']
['센틴컵', '555']
['마루', '167140']
['오뎅가', '65']
['러브프롬', '789']
['덕붕뽈살', '368']
['헨젤과그레텔', '10673']
['커피에리어', '368']
['행복한밥상', '6158']
['곽만근갈비탕', '3206']
['동동국수집', '2050']
['온누리누룽지백숙', '1035']
['포러데이', '10122']
['아벨커피', '5886']
['온누리쭈꾸미', '3188']
['팔당초계국수', '6619']
['카페요새', '11273']
['온누리장작구이', '11925']
['선리버', '4105']
['자연애', '2427']
['정무네장어집', '64']
['운길산콩마을', '1']
['용호수산', '40']
['기와집보리밥한정식', '4']
['빠빠에피', '1155']
['쏘갈매운탕', '2']
['명동함흥냉면백암순대', 'None']
['타임플라이스', '38']
['돈까스클럽', '20782']
['전주식콩나물국밥', '1167']
['곽갤러리', '14']
['파육칼', '250']
['당너머', '19']
['양평장터해장국', '28']
['신라한정식부페', '2']
['짬뽕의달인', '703']
['우나라한우생고기전문점', 'None']
['행운돈까스랜드', '1']
['야산해촌', '10']
['오빈리국밥', '3']
['도프커피', '4916']
['용문원조능이버섯국밥', '260']
['HONU', '186372']
['용문역앞그카페', '20']
['용화반점', '1890']
['토담갈비', '24']
['광해', '5812']
['양평채김밥', '13']
['용문떡집', '3']
['나해', 'None']
['원기보신탕', 'None']
['지향한우마을', '47']
['가야고기', '117']
['연남서식당', '1621']
['샘밭골', '10']
['기호', '4150']
['수엠부', '1132']
['고이짱돈카츠', '15']
['왓코커피', '1896']
['카페픽처스메모리', 'None']
['마포돼지불백', '57']
['헤븐리모멘츠', '213']
['청석골', '1689']
['성산왕갈비', '899']
['CureCoffeeBar', '1473']
['잼잼칩스', '1017']
['전라도식이네집', '37']
['당가원', '1567']
['지즐', '512']
['오케키', '2773']
['연남주점', '184']
['신흥떡볶이', '670']
['트라토리아몰토', '1579']
['상암일미락', '300']
['카페모임', '26232']
['피슈마라홍탕', '473']
['스시키노이', '1729']
['김영섭초밥', '1791']
['모리타', '13847']
['더브래드팬트리', '186']
['월화고기', '4976']
['서동한우', '3319']
['항공반점', '27']
['화전분재예술원', '188']
['메밀막국수와왕갈비', '11']
['황소게장', '1710']
['덕은식당', '2']
['돈통마늘보쌈', '1627']
['피자코리아아폴로치킨', 'None']
['피자매니', '458']
['두부마을과돌솥밥', '38']
['파로호민물매운탕', '8']
['향원', '1963']
['애프터유', '4372']
['디에스', '2398']
['레몬그라스', '11444']
['카스앤락', '133']
['낙원돈까스', '149']
['오꾸라', '39']
['본인제주', '194']
['홍성원', '1291']
['싸움의고수', '11928']
['한우대장', '307']
['카페바닐린', '782']
['카페홍시', '824']
['밀레폴리에', '1490']
['빠니스비떼', '399']
['크리스피파이', '707']
['네임드커피', '1880']
['후앙', '2792']
['윤씨네보리밥쌈밥', '7']
['카페뮬2nd', '240']
['여울목소곱창', '64']
['샤브향', '25680']
['티포켓', '10']
['카페글루', '33']
['장암봉평메밀막국수', '10']
['행운돈까스', '1519']
['밤바다횟집', '129']
['차이런', '71']
['장군족발', '641']
['약초원', '1461']
['조선불닭발', '160']
['양반밥상', '40']
['미스터아구', '722']
['별빛야시장', '47']
['수제맨돈까스를찾아라', 'None']
['그때그집', '3963']
['쏨땀타이', '1385']
['프라임마리스', '5127']
['제주집', '5372']
['옛골쌈밥왕갈비', '8']
['우돈가', '486']
['신천양꼬치', '1168']
['화사랑화로구이', '673']
['닭이봉', '2660']
['스타가츠', '65']
['카페솔림', '2746']
['곱창친구들', '321']
['Berith', '2176']
['유경집', '60']
['베르디', '3737']
['나무들을위한숲', '42']
['평양초계탕막국수', '127']
['이순례손칼국수', '51']
['항도일식', '11']
['개미분식', '762']
['해피오네치킨', '60']
['카페코나', '2238']
['다빈피자치킨', '15']
['뼈다귀천국', '262']
['명가생고기정육식당', 'None']
['장발장빵훔쳐간집', '32']
['투인스치킨', 'None']
['수라옥해장국', 'None']
['차내음', '8']
['커피와글', '2649']
['미드줄라이', '119']
['좋은물고기', '39']
['오뎅식당', '7542']
['한양식당', '2096']
['써니사이드', '9587']
['부엌', '76179']
['보영식당', '293']
['풀하우스', '13919']
['경원식당', '550']
['형네식당', '271']
['진미식당', '9028']
['서양식당메종키친', '31']
['홍카페', '4428']
['탐스비어', '1200']
['카페포레', '1387']
['호서쪽갈비', '58']
['CSHCoffee', '37']
['부흥비빔국수', '17']
['홍콩반점0410', '12163']
['동천냉면', '70']
['소가네춘천닭갈비', 'None']
['발리두번째이야기', 'None']
['방아소리', '5']
['강남동태찜', '335']
['반코로스팅스튜디오', '339']
['능이백숙해랑', '2']
['대박차식당', 'None']
['규시', '383']
['신천참숯민물장어', '4']
['베가드림', '3']
['간판없는삼겹살집', '182']
['싹쓰리솥뚜껑김치삼겹살', '313']
['우미각', '269']
['가야생선찜', '6']
['락궁', '6']
['참뜸팡이', 'None']
['이모네맛집', '278']
['가루스토리', '41']
['큰통치킨', '1411']
['잔치떡집', '3']
['참숯화로구이보리밥대박골', 'None']
['비어오션', '29']
['지티빈스', '22']
['엉터리생고기', '91741']
['오꾸꼬', '1102']
['홍탕의정부', 'None']
['차돌집', '2568']
['최고집칼국수', '1573']
['세시셀라', '14035']
['이스팀커피', '1970']
['지파씨', '731']
['매그놀리아베이커리', '8027']
['h541', '2784']
['탄탄면공방', '23384']
['진가와', '2372']
['리스토어커피', '1642']
['커피작법', '1640']
['장가계', '20280']
['드웰디자인카페', '142']
['송스키친', '8777']
['하루애', '1844']
['꼬뜨블렁쉬', '675']
['셰프들의수다', '1465']
['불타는꿀꿀이', '625']
['비엔나커피하우스', '12901']
['동경통닭', '939']
['영양센터', '4648']
['서울뼈구이매운족발', '39']
['마카나이', '5605']
['광주식당', '3262']
['할머니냉면집', '33']
['실크로드', '8402']
['독', '41451']
['자그마치', '31307']
['성수족발', '11223']
['소문난성수감자탕', '2141']
['핑거팁스', '4855']
['놀란치킨', '1015']
['원산면옥', '3942']
['제주국수', '4529']
['Haru&Oneday', 'None']
['미즈라', '1450']
['스테이', '1550592']
['겟썸커피', '49989']
['르빵', '9097']
['이성당', '73802']
['팔라쪼', '1704']
['하카다분코', '4914']
['카페413프로젝트', '3721']
['파티세리바이가루하루', '447']
['지아니스나폴리', '11920']
['대우부대찌개', '525']
['봉된장', '464']
['고갯마루집', '156']
['더은교', '2800']
['무삥과팟타이', '332']
['쟝블랑제리', '8655']
['가빈커피로스터스', '429']
['엘따뻬오', '707']
['푸다기', '787']
['김창일스시', '677']
['동네아저씨치킨', '1899']
['카페이졸레', '329']
['봉선마라탕', '744']
['줘마양다리구이', '607']
['왕기마라향과', '112']
['홍중샤브뷔페', '204']
['귀복루주가', '16']
['대림원조마늘통닭', '18']
['변강성가자미', '3']
['화룽마라룽샤', '1942']
['경기광주', '81418']
['초월', '2977']
['청라국제도시', '26732']
['토모루', '11329']
['브런치빈', '1887']
['비스트로페르레이', '1583']
['버거앤프라이즈', '9161']
['화이트오페라', '555']
['이디야커피랩', '16539']
['능라도', '14394']
['삼정하누', '1171']
['논현손칼국수', '259']
['화이브앤투버거저니', '231']
['헤이미', '4242']
['짱이네산곰장어', '149']
['곰스키친', '121']
['레스토랑핫이슈', '18']
['플랑플랑', '2705']
['비야게레로', '2525']
['어반81', '2033']
['하나샤부정', '195']
['배럴', '48512']
['아야진생태찌개', '621']
['저스트기네스', '302']
['스물다섯', '25132']
['소브스위드살몬', '2542']
['탑클라우드52', '5221']
['더베이크하우스', '16']
['테이스팅룸', '58974']
['디퀸즈', '4341']
['이코복스', '9394']
['곰바위', '2650']
['테라로사', '271100']
['콩당콩당', '1640']
['대호갈비', '221']
['엘샤다이과자점', '51']
['브레쉬애비뉴', '40']
['왕게수산킹크랩전문점', '8']
['슬로우커피1012', '316']
['유원', '1530']
['선우가', '348']
['약초마을', '698']
['돈스타', '48056']
['송백목감자탕', '49']
['담소', '23606']
['라듀레', '3608']
['희래등', '1625']
['알볼로피자', '20163']
['다채', '2596']
['제일숯불갈비', '190']
['하누소', '1961']
['카페오븐', '1882']
['사누끼', '1480']
['창동짬뽕', '116']
['쉐프마인드', '562']
['우동수', '416']
['덩어리', '14171']
['킴스테이블', '143']
['삼부자한우정육식당', '1376']
['샤브팜', '245']
['강촌유미숯불닭갈비', '15']
['이현쭈꾸미', '1']
['구이박사', '133']
['재석이네참숯화로구이', '28']
['지진주쌈밥', '2']
['바다장어마을', '18']
['탱탱김치제육', 'None']
['꽁당보리밥', '1710']
['아산본가민물장어', '8']
['삽교곱창', '1198']
['원주통닭', '3872']
['솥단지', '642']
['김국진참숯갈비', '21']
['지산갈비', '178']
['이태은의자연', '21']
['후쿠오카함바그', '78687']
['카페드마티네', '804']
['카페라라', '851']
['어니스크', '823']
['다모아', '1482']
['파티오', '3776']
['쭈꾸미에빠진날', '17']
['선향정', '553']
['참곱돌삼겹살&감자탕', 'None']
['브링웰피자', '129']
['도르리', '859']
['치킨쥼', '122']
['백화원', '152']
['토박이샤브샤브', '8']
['화평동왕냉면', '486']
['효자네', '1057']
['스낵빈', 'None']
['놀부보쌈', '8174']
['커피페이지', '108']
['60계', '2397']
['7MILE', '70448']
['양촌리', '6137']
['쿄가와', '80']
['피사레스토랑', '15']
['기지개피자', '12']
['3대육개장', '2']
['손커피연구소', '3314']
['소와주', '110']
['커피룩', '230']
['맛도야지', '8']
['시앙차이나', '14']
['춘천명동닭갈비', '762']
['한국수', '1032']
['미스터쉐프포차', '520']
['어진아구찜', '1']
['경춘선춘천숯불닭갈비', 'None']
['홍익돈까스', '63684']
['화성성만무한리필민물장어', 'None']
['퀸앤퀸즈카페', 'None']
['오줌장군', '480']
['깔꾸리정육식당', '17']
['백프로스시베이', '333']
['을지로미인골뱅이', '178']
['홍대오빠곱창', '274']
['커피냅로스터스', '9288']
['짜장면가', '3']
['명조한우정육식당', '4']
['이오스꿀맛닭강정가마솥통닭', 'None']
['장흥낙지', '101']
['사철마당', 'None']
['예향오리가든', 'None']
['바다양푼이동태탕', '1162']
['2대수짬뽕', '147']
['산골사랑', '21']
['호담', '129']
['엔젤리너스', '198176']
['평농푸드', '24']
['대가쭈꾸미', '378']
['한방왕족발보쌈', '17']
['동순원', '531']
['더스토리피자', '7']
['대복중화요리', '10']
['명동칼국수샤브샤브', '740']
['컬투치킨', '7134']
['한일칼국수', '131']
['본태커피하우스', '34']
['청매골화로구이', '6']
['브루어스커피', '5409']
['시골집얼큰한뼈해장국', '28']
['학화할머니호두과자', '594']
['치킨인더키친', '6507']
['제이의꽃다방', '954']
['천안옛날호두과자', '487']
['마늘떡볶이', '15141']
['로보쿡', '13769']
['팔팔닭떡볶이', '5196']
['개봉칼국수', '136']
['파파비', '736']
['레시피타운', '778']
['원차우', '338']
['발해양꼬치', '282']
['써드포지션', '637']
['고고스커피', '248']
['광장민속촌', '40']
['윤스마카롱', '2450']
['브라운버터', '2449']
['공개정원', '7335']
['더국물', '320']
['부즈인부스', '1268']
['베스코', '5429']
['안나푸르나레스토랑', '25']
['유리즉석떡볶이전문점', '1']
['기다려봄', '2486']
['예촌순대국', '1']
['참조은한우장터', 'None']
['통큰포차', '344']
['산동포자', '378']
['서울식당', '4152']
['마포주먹고기', '1895']
['띵호와쉐쉐', 'None']
['오가찜', '1']
['국제족발', '148']
['일미소문난냉면', '4']
['인현통닭삼계탕', '225']
['잉글랜드왕돈까스', '3004']
['싸리재', '1878']
['아라베스크', '4951']
['괜찮은꼬치집', '66']
['고향냉면', '44']
['커피정류장', '285']
['백스비어', '10451']
['불불이족발', '8663']
['카페동네', '9071']
['카페외할머니', '3']
['쇼동', '153']
['광어2마리스', '29']
['바나나자매', '2585']
['오븐크로아상', '291']
['안면도회포차', 'None']
['대장군돼지부속', 'None']
['빅몬스터커피', '162']
['커피늘보', '480']
['돌하루방도야지', '24']
['돈데이', '3436']
['너랑나달달해', '312']
['불타는대구막창', '21']
['라무진', '37344']
['풍물옹심이메밀칼국수', '48']
['세컨홈', '827']
['미켈족발집', '19']
['토담골순대', 'None']
['조마루감자탕', '9383']
['향미촌', '8']
['아빠치킨', '995']
['모메존칼국수', '115']
['다원국수', '156']
['파니팡니', 'None']
['카페제이', '2000']
['토마레초밥', '184']
['하램양고기전문점', '142']
['피자리아150길', '253']
['알레싸', '111']
['카페152길', '172']
['몽상가크레이프전문점', '5']
['스카이호프', '106']
['호감', '8178']
['파린두스', '363']
['뉴욕베이커리', '306']
['리코스퍼블릭', '104']
['은행골', '40332']
['팡도미', '740']
['화로상회', '2258']
['싸리골', '856']
['투셰링불곱창', '11']
['미니스트리오브커피', '37']
['스시앤리', '48']
['처갓집양념치킨', '12825']
['그리고옹심이메밀칼국수', 'None']
['착한한우정육식당', '26']
['이젠', '162501']
['제주은갈치', '4248']
['돈까스갤러리', '300']
['무해정생국수칼국수', '5']
['티라노곱창', '235']
['호식이두마리치킨', '30007']
['앗싸곱창', '2892']
['학교앞떡볶이', '1732']
['첸차이나', '48']
['기절초풍물닭갈비', '383']
['덕정갈비', '3']
['밀밭칼국수', '1216']
['모먼츠', '1546']
['돈가네곱창', '26']
['슝카롱', '355']
['덕화원', '665']
['피자르방', '10']
['넉넉한사람들', '15']
['독바위칼국수', '30']
['호수식당', '1268']
['삼복횟집', '7']
['핫피자', '642']
['커피닮다', '109']
['텍사스바베큐', '3423']
['그집순대국', '300']
['진성식당', '1333']
['라이라이', '3459']
['연천분식', '10']
['오륙하우스', '154']
['아드망', '6298']
['불타는소금구이', '940']
['홍능갈비', '533']
['홍천산마치고개닭갈비', '1']
['미스터꼬끼오', '8']
['김민철수제족발', '445']
['고향칼국수', '648']
['대원갈비', '568']
['오가네', '3019']
['더아이스크림앤모어', '138']
['포폴로피자', '2287']
['카페소비', '2150']
['터치아프리카', '754']
['지느러미', '4280']
['레오네', '5757']
['자연초밥', '842']
['로얄인디아', '269']
['노천드럼통', '2227']
['착한곱창', '1688']
['태조감자국', '2270']
['버거파크', '4503']
['애정마라샹궈', '1570']
['메종드루즈', '2331']
['제순식당', '1142']
['백두산양꼬치구이', '9']
['갱상도갱양식', '2338']
['본크레페', '1374']
['쓰리로보스', '1084']
['스티키리키', '1303']
['구복만두', '5595']
['막걸리담', '433']
['때가이르매', '6096']
['후디구디', '2480']
['서지스테이크', '793']
['다스티NY', '272']
['야사시키친', '397']
['까치네', '2516']
['엘올리보', '1160']
['선바위메밀장터', '120']
['카페아제타', '16']
['뒷골면옥', '5']
['신가네광양불고기', '15']
['소토보체', '1771']
['카페그레아틀리에', '37']
['논현김밥', '1']
['봉덕칼국수', '1789']
['동다송', '124']
['뽕잎마루', '7']
['경마장오리집', '16']
['함지가든', 'None']
['내고향가마솥', '32']
['라온식탁', '117']
['프롬더어스', '667']
['셀에수크레', '347']
['코삐', 'None']
['오븐에빠진닭', '7049']
['홍샤오', '279']
['닐리', '7244']
['플로라', '16095']
['카페디쉬', '1407']
['티라펠리체', '1650']
['건강담은', '653']
['통통이불족발', '1308']
['어스키친', '2830']
['최정민낙지마당', '9']
['일보스코', '2118']
['포청천', '2144']
['대성각', '423']
['카페포레스트', '1387']
['산들애', '1454']
['피자필', '480']
['엄청난회집', '55']
['에비수', '14710']
['포지타노', '93939']
['브라운돈까스', '7236']
['포냐향', '1182']
['행복한커피&다이닝', 'None']
['뜨락', '7455']
['취해', '10921']
['좋은아침과자점', '6']
['TarteBlossom', '296']
['우성생고기', '29']
['미림떡집', 'None']
['엄지천년교동짬뽕', '7']
['송주불냉면', '2188']
['시월애', '4927']
['신토불이두부마을', 'None']
['만리장성', '24656']
['느티나무', '16138']
['황후', '2324']
['후레쉬초이스', '17']
['살찌는케이크', '663']
['스시오야붕', '255']
['의리치킨', '170']
['어묵마을', '9']
['맹구분식', '488']
['즐겨찾기', '18998']
['양푼이갈비찜', '2100']
['경원궁', '844']
['라이차이', '663']
['공항칼국수', '3596']
['항우포차', '240']
['공항닭발', '595']
['로얄스테이크하우스앤피자', '26']
['김용기과자점', '128']
['장군주먹고기', '1275']
['해운대복집', '49']
['들녘', '2683']
['시즌커피앤베이크', '2332']
['딜런스테이블', '145']
['개성손만두', '2693']
['진콩나물국밥', '10']
['수삼겹살맛집', 'None']
['형제해장', '45']
['덕일집', '57']
['MACKAY', '160149']
['장터참숯무한리필', '34']
['돈부리', '73460']
['총각네곱창가게', '38']
['삼청동궁물떡복이', '799']
['챠이몽', '6']
['명품해물찜칼국수', '1']
['옛촌칡냉면', '115']
['플루토', '10099']
['영동돈까스', '250']
['짬뽕필락', '857']
['버거톤', '1041']
['달밭소곱창', '220']
['매일파스타', '274']
['하나샤브샤브', '746']
['신고집찜칼국수', '34']
['감나무아래', '373']
['아고라커피', '2581']
['생선까시', '149']
['공릉우동집', '36']
['불타는생고기', '220']
['뽕신', '15766']
['새우꺾기', '5144']
['싱싱오징어바다', '1489']
['아이엠부대찌개', '145']
['서서방고깃집', '39']
['육공사604', '24']
['BREAD850', '840']
['소야지', '949']
['맛짱', '30623']
['연어에반하다', '324']
['한스참숯불닭갈비', '3']
['장원정', 'None']
['이층커피', '637']
['진미각', '163']
['명품쌈밥사계절수산물', 'None']
['후후스시', '226']
['리레케이크', '386']
['참맛깔곱창', '541']
['한명숙피자치킨', '24']
['장터빈대떡', '5']
['산골정육식당', '155']
['자주족발', '277']
['암뽕순대국닭발', 'None']
['순자네다락방', '266']
['대박왕곱창', '281']
['엄마분식', '344']
['약산능이촌', '11']
['빨대소리', '231']
['천외천', '955']
['위대한족보', '235']
['경미양꼬치', '54']
['황제갈비', '765']
['커피플레이스', '11785']
['바이레인', '4574']
['르빵프레', '1071']
['유일설렁탕', '205']
['참나무로바베큐', '35']
['사쿠라드랍스', '229']
['상떼', '308']
['송화산시도삭면', '616']
['독도수산', '767']
['강쇠네', '488']
['마일드', '6510']
['진육식당', '307']
['커피더쏠', '886']
['호타루', '7853']
['그남자의덮밥', '956']
['꼬꼬아찌', '124134']
['꽃다방', '8715']
['길목', '4119']
['파파호', '1408']
['페스틴', '1457']
['삼성원조양곱창', '1379']
['더제이케이키친', '1209']
['청담영양센터', '679']
['초밥집', '24666']
['청국장과보리밥', '3816']
['화평칼국수', '271']
['바닐라클라우드', '5004']
['오감', '80393']
['25T', '4216']
['우츠와', '262']
['봉밀가', '1341']
['SweetPlanet', '955']
['비트윈브레드', '286']
['팔당닭발', '10058']
['봉평본가메밀촌', '153']
['가토드보야주', '3015']
['리북집', '19727']
['라멘모토', '5667']
['반피차이', '2288']
['도셰프', '2748']
['신이주신선물오리고기', '47']
['가라사대', '2177']
['봉평고향메밀촌', '164']
['논현장어', '1043']
['마루심', '7040']
['코아손만두', '52']
['베를린크란츠', '404']
['차알', '8680']
['페르케노', '1927']
['제이에스가든', '1269']
['테판야끼다구오', '8']
['삼순이호두파이전문점', '129']
['플레이와타나베식당', '53']
['모녀신떡&미쓰밀떡', 'None']
['백제231', '148']
['ItalianKitchen요리대장', '1']
['이레분식', '138']
['커피더캠프', '644']
['달의둥지', '1804']
['경', '17118']
['파동추야', '447']
['리얼후라이', '3525']
['미주알고주알', '543']
['상도곱창', '1272']
['스톤504', '2243']
['논두렁갈비', '6']
['토모니베이커리', '202']
['멘동', '214']
['커피투머로우', '244']
['도쿄야네', '183']
['즉석바지락손칼국수', '12']
['시간을들이다', '592']
['카페퍼블리코', '1637']
['몽소', '2639']
['온누리에돈까스', '880']
['키친502', '508']
['카페몽돌', '198']
['계림원', '14435']
['커피집', '60016']
['생각이나', '27386']
['상남스시', '701']
['알렉스플레이스', '898']
['서일순대국', '1167']
['옛촌민속집', '19']
['도동집', '4814']
['입떡', '50']
['신한방퍼즈카페', 'None']
['맘스케익', '13086']
['정준호스시', '930']
['고창국수', '33']
['빵굼터', '2662']
['구삼이', '333']
['구름산원주추어탕', '57']
['아리가또맘마', '11020']
['통닭가', '721']
['은행나무손칼국수', '29']
['돌참치', '432']
['봉할매김치찌개불백전문점', '18']
['오정족발', '205']
['유가네', '33418']
['벌툰', '12294']
['우돈명가', '187']
['징기스', '50679']
['언니의식빵가게', '513']
['짬뽕씨티', '33']
['448돈까스', '338']
['음악곱창집', '116']
['원조광명할머니빈대떡', '120']
['바람부리명태찜', '333']
['오성초밥', '841']
['김미진당진아구동태찜탕', '16']
['김명태', '194']
['양지순대곱창', '15']
['오뚜기돈까스', '494']
['알콜로', '1008']
['아빠의바게트', '456']
['메이로드', '985']
['태기산더덕순대', '68']
['화음정', '34']
['국대떡볶이', '14401']
['그집쭈꾸미', '5923']
['참이맛감자탕', '3486']
['마왕족발', '11912']
['현가네코다리', '5']
['와일드그릴', '1975']
['원미왕족발', '9']
['산야초12', '24']
['설면', '275']
['방일해장국', '2946']
['빠글빠글잔치국수', 'None']
['주미정', 'None']
['베르네닭강정', '447']
['토마토김밥', '1947']
['상하이설악칡냉면', 'None']
['복성원', '611']
['중화요리첸', '14']
['까페메르시', '64']
['부일곱창', '373']
['첫번째가마솥순대국', '7']
['암특흐엉샌베트남', '1']
['백년식당서서갈비', '1137']
['카페라떼르', '791']
['고래라멘', '473']
['왕푸징', '8103']
['연어마을', '1719']
['토끼정', '262333']
['달콤한서랍', '809']
['오빠네옛날떡볶이', '1656']
['은행골초밥참치전문점', '1']
['타르타르', '102556']
['계열사치킨', '1417']
['뱃머리횟집', '600']
['유에프오', '1484']
['코코로야끼', '127']
['삼도갈비', '3871']
['병천토속순대', '14']
['떼루와', '6777']
['화개장터', '24043']
['이바돔', '10718']
['용코로만두', '147']
['피앤피키친', '262']
['백세장어마을', '634']
['미쓰그릴', '1597']
['더히든키친', '1564']
['트랜퀼마치', '1508']
['5월19일', '7608']
['노멀커피', '2037']
['더소야소', '71']
['장어한판', '497']
['꽁떼', '2498']
['키친심플', '153']
['앤사장다락방', '124']
['커피몽타주', '6510']
['화진포막국수', '508']
['루하커피', '980']
['셀프하우스', '1878']
['부리나케', '1012']
['요다래', '257']
['유천칡냉면', '1614']
['팔선생', '8048']
['뉴질랜드스토리', '7765']
['엘리스리틀이태리', '983']
['바베네', '1822']
['멘야하나비', '13715']
['그리지하우스', '2282']
['만푸쿠', '14750']
['파티세리도효', '3482']
['니엔테', '2478']
['미엔아이', '1333']
['송파감자국', '450']
['모꼬지에', '4015']
['부산밀면', '25330']
['정원이있는국민책방', '627']
['아벡쑤아', '478']
['그레인제빵소', '381']
['허심탄회', '1335']
['하오찬', '35']
['원산만두', '112']
['플라워', '1007511']
['라치오', '1411']
['툇마루밥상', '1595']
['옹고집꽃게장', '661']
['골목떡볶이', '2825']
['콘플러', '150']
['시루나무', '241']
['몰리케이', '801']
['장쓰동', '634']
['훠궈야', '5426']
['삼우닭강정', '316']
['도쿄하나진', '239']
['더플레이스', '45680']
['멘타로', '620']
['르번미', '9924']
['두끼', '74215']
['배꼽한정식', '144']
['청마루매운갈비찜샤브샤브', '1']
['경포', '35643']
['논골장마담집', '6']
['강산촌', '57']
['산아래염소이야기', '150']
['삼시세끼', '202769']
['유정집', '505']
['뜰안채채식뷔페', '10']
['구르메우동', '255']
['서민호생참치연어', '4']
['철뚝집', '2090']
['로빈스커피', '206']
['뿅의전설', '4614']
['쭈꾸미손사장', '890']
['마찌야매콤돈까스', '19']
['진미떡볶이', '5077']
['로사우니카', '1459']
['김선생', '31541']
['고기사랑', '103517']
['동해해물탕', '2893']
['창모루칼제비', '557']
['청산골왕갈비살', '17']
['참맛나리아안동찜닭', 'None']
['진주성', '36660']
['장군보쌈', '1807']
['밀라노상회', '2191']
['디파스타', '429']
['삽다리곱창', '1484']
['Re:안녕커피', 'None']
['모란왕족발', '973']
['레시피나인', '8447']
['홍굴이해물짬뽕', '429']
['전주감자탕', '509']
['코지하우스', '3602']
['칭하이', '1737']
['로즈스텔라정원', '6665']
['역골가든', '3']
['전원가든', '239']
['하야로비', '1640']
['다남식당', '2']
['소풍가든', '11']
['대촌', '348']
['고메돈까스', '571']
['함흥관', '942']
['김정희여사고기집', '3']
['선농설농탕', '4']
['머내돌판삼겹살', '7']
['박촌칼국수', '42']
['닭권브이', '394']
['주통양꼬치', '16']
['만송골갈비탕', '182']
['왕주먹', '2609']
['백암왕순대', '1518']
['영우동', '222']
['왕십리장곱창', '169']
['북경', '139485']
['전주콩나물국밥', '14338']
['백두쭈꾸미', '5']
['장가네세수대야냉면', '2']
['카라쿠시', '52']
['채선당M', '417']
['찐만이네', '301']
['뚝딱간장게장', '37']
['칼디스865커피', '6']
['명인만두', '6837']
['다담닭갈비', '148']
['유기농밀가루', '18014']
['쌍놈포차', '49']
['경원궁숯불갈비', '1']
['보드레족', '560']
['와우양꼬치구이', '4']
['본참치전복전문점', 'None']
['함흥냉면명동칼국수', '9']
['등갈비애꼬치다', '217']
['새로운볼테기탕동태탕', '1']
['남광보리밥뷔페', 'None']
['쉐프갤러리', '368']
['예원', '71211']
['포사이공', '926']
['PHONHO', '216']
['라화당', '3170']
['삼화정', '101']
['기억커피', '733']
['착한식당', '22080']
['길현식당', '7']
['샌드위치스쿨', '5']
['얼얼이닭발', '52']
['각시보쌈', '1673']
['예뿌닭', '13']
['더츠커피', '1973']
['고기깡패', '522']
['유키돈까스', '934']
['참새가물고온향기로운원두', '1529']
['봄이돈다', '2771']
['문파스타', '782']
['명동보리밥', '840']
['달콤한게으름놀이터', '739']
['정가네할머니손두부', '28']
['보통날의파스타', '1047']
['화룽', '1612']
['불백어게인', '261']
['옵스', '49897']
['빈체로파스타', '909']
['스즈란', '1746']
['도레과자점', '50']
['퀸즈콕', '674']
['어컵어데이', '1329']
['용두레', '58']
['고구려짬뽕10101', '948']
['선학정', '121']
['시골집', '85374']
['삼부자오리천국', 'None']
['무주골영양탕', 'None']
['플젠', '3111']
['커피한스', '133']
['황금족발', '2919']
['육심', '545']
['카마화로', '112']
['꼬치꼬치맛꼬치', '309']
['고기매니아', '5765']
['캣앤라인', '53']
['커피에반하다', '19386']
['커피담다', '211']
['정병학베이커리', 'None']
['얼레리꼴레리', '9615']
['하코야', '7867']
['스시로', '16800']
['계절밥상', '108281']
['948키친', '2269']
['스쿨스토어', '2237']
['아시아문', '33369']
['지식정보단지', '1183']
['미가라멘', '525']
['하네단', '189']
['파주닭국수', '10893']
['엄차고', '28']
['컵오브커피', '1256']
['송도명품삼계탕', '13']
['피자킹XXXL', 'None']
['그리다디저트카페', '115']
['툴롱', '1568']
['유에', '934']
['짬뽕타임24시', '1470']
['파노라믹65', '2629']
['피스트', '4403']
['베네', '296841']
['미야비', '2960']
['한양', '13158']
['경복궁삼계탕', '1739']
['마마스쿡', '25']
['테이스트에이트', '32']
['또와유청정명태간장조림', '6']
['파티피움', '610']
['커피5', '16']
['공항시장', '1406']
['밀작', '537']
['도일처', '645']
['바다향기', '7972']
['노가리깔까', '9']
['최대감', '169']
['공항떡집', '1']
['아페카페', '136']
['초가집', '16144']
['문래돼지불백', '411']
['카페라클라스', '57']
['최윤진당진아구동태찜탕', '2']
['비라티오커피', '19']
['존슨부대찌개', '2295']
['페리카나', '38663']
['타베루', '794']
['브루드서울', '928']
['나우니스', '833']
['악토버', '1495']
['꼼떼바베큐', '406']
['필립앤노아', '2863']
['뭄미', '512']
['앙키친', '632']
['올리브키친', '306']
['함흥본가', '653']
['소바트럭', '1273']
['뚜스뚜스', '3834']
['명태어장', '931']
['이가바지락손칼국수', '53']
['현이네초밥가게', '117']
['오백년장어', '436']
['더족발', '1630']
['도쿄하나', '6874']
['더플롯커피', '742']
['등촌최월선칼국수', '128']
['고양이똥2', '1361']
['코끼리만두', '2943']
['유림', '9361']
['박가부대', '3786']
['고양이똥', '5662']
['동그라미곱창', '403']
['스시경', '695']
['옛날한우곱창전문', '175']
['할범탕수육', '622']
['외국포차', '1365']
['유쾌했소', '32']
['강서복집', '131']
['정일품삼계탕', '320']
['가정경양', '1312']
['본설렁탕', '1161']
['커피요리', '1075']
['원조우렁된장너도나도식당', '1']
['또순이네', '4583']
['엘카페커피로스터스', '865']
['나나캄', '43']
['엘디아', '601']
['홈앤브레드', '1051']
['스퀘어21', '507']
['호연', '2703']
['도쿄등심블루', '22']
['바스버거', '9346']
['신원', '34065']
['오케이버거', '3890']
['피그인더가든', '4220']
['올라6', '45']
['삼거리푸줏간Blue', '148']
['송추가마골인어반', '377']
['가양칼국수버섯매운탕', '326']
['팥이재', '1790']
['브레드피트', '3803']
['파낙스', '641']
['서궁', '2873']
['창고43', '13922']
['경천애인', '4572']
['프랑세즈', '1602']
['터방내', '1454']
['성민양꼬치', '5794']
['탭하우스', '13798']
['바야흐로', '5597']
['삼목등심', '302']
['피자보이시나', '667']
['산이네', '2764']
['오후홍콩', '4246']
['리틀크레이지피자', '417']
['박종근과자점', '438']
['흥미면옥', '299']
['소운빙', '719']
['아이언펍', '560']
['돈키', '102640']
['애플하우스', '19694']
['스마일포차', '1275']
['반포치킨', '2448']
['에이치플러스와이', '202']
['도깨비곱창', '147']
['블루테이블', '113']
['드레꽃', '105']
['투썸플레이스', '530175']
['굿애프터눈', '6836']
['낙원궁중떡집', 'None']
['면', '80337']
['루나리치', '4013']
['팬차이나', '1227']
['고구려', '16296']
['육덕식당', '1781']
['낙원타코', '6967']
['랩트웬티포', '1000']
['어메이징타이', '987']
['장남식당', '1760']
['이야기하나', '3159']
['카페달곰', '1672']
['우마이센', '333']
['개성진찹쌀순대', '150']
['우리마을Self장어네', '31']
['차돌굽는놈', '11']
['고루', '843']
['오블리', '20248']
['어시장구이터', '132']
['셋뎀프리커피', '22']
['검암뒷고기&숯불꼼장어', 'None']
['명품관갈비', '71']
['명가화로구이', '18']
['비룡', '3006']
['폴', '57687']
['콩심', '1890']
['육장갈비', '1903']
['뚝주배기', '2']
['신농설렁탕', '6']
['훈장골', '3066']
['구이가', '6126']
['레스토랑8', '1121']
['소복', '55549']
['짱구네', '4516']
['밥이답이다', '857']
['호호밀', '168']
['마티나라운지', '12804']
['제일제면소', '31786']
['빕스익스프레스', '275']
['커피앳웍스)', 'None']
['오므토토마토다이닝', '140']
['엉클존슨부대', '23']
['화수목', '9608']
['주목', '7733']
['카페더롬', '34']
['스파게티스토리', '2729']
['강남쪽갈비', '402']
['배스킨라빈스', '87634']
['서병장부대찌개', '148']
['엽기팔닭', '25']
['모해커피', '164']
['나무앤코띠볼리오베네', 'None']
['참스치킨', '1']
['자연푸드', '1121']
['동백역하얀집', '3033']
['돌오리', '9']
['요기족이', '65']
['레드썬', '17287']
['블리스인타이', '37']
['꼬굽', '36']
['제이스테이블', '184']
['동태촌장냉면면장', '8']
['스시진', '5149']
['고베소', '473']
['프라빈', '937']
['길성이', '447']
['초당정풍천민물장어숯불구이', 'None']
['토미바비큐', 'None']
['잠실감자탕', '649']
['놀부부대찌개', '20067']
['길상참치', '75']
['영덕대게전문점', '6']
['홍복', '1094']
['평안도찹쌀순대', '549']
['바다소리회전초밥', 'None']
['마시내탕수육', '1945']
['용인골곱창', '22']
['파도횟집', '720']
['참수타요리전문점', '3']
['독도참치', '5448']
['수타베이징', '20']
['정가네보신탕', 'None']
['남원추어탕', '7347']
['눈꽃', '104083']
['식신매운갈비찜', '38']
['마초족발', '258']
['진샤이', '48']
['술이술술', '77771']
['하누물', '8']
['바빈스커피', '7989']
['올댓쏘세지', '53']
['김밥나라', '6076']
['둔전횟집', '21']
['태평', '8080']
['대머리칼국수', '417']
['커피타는너구리', '554']
['란주천면관', '13']
['원조태평동곱창', '37']
['충칭소면', '108']
['홍지네가마솥왕순대국', '4']
['탕화쿵부', '297']
['타코비', '6506']
['전주현대옥', '4644']
['이가네양꼬치', '2654']
['곱창고', '115657']
['영심이네김밥하우스', '2']
['두세르', '2051']
['서울감자탕', '2796']
['김씨도마', '970']
['황토군토담면오다리', '104']
['미정국수0410', '1475']
['브림커피', '3570']
['모든요일의까페', '349']
['디델리', '8858']
['크림슨', '8469']
['나미가', '106']
['콩나물국밥유진식당', 'None']
['가마명가', '58']
['통통숯불갈비', '52']
['미스터빈스', '57']
['더컵', '701']
['일산칼국수', '13929']
['남가남원추어탕', 'None']
['메밀래', '714']
['카페인', '172079']
['그린트리제과점', 'None']
['장수천한방민물장어', '1432']
['오르페', '446']
['나인블럭', '37201']
['써브웨이', '16482']
['베이커리카페에이블리', '5']
['박터진흥부네', '74']
['봉평메밀곤드레', '5']
['카페바비에', 'None']
['교동반점짬뽕', '194']
['춘천진미닭갈비', '278']
['솔바람여울소리', '22']
['바오김밥', '8']
['두드림치킨&비어', 'None']
['에트르', '13185']
['우니코', '2112']
['명품본가삼계탕', '61']
['한국관', '11468']
['공차', '256506']
['락앤웍', '3259']
['스시웨이', '12144']
['미식가', '59163']
['번개막창', '498']
['면주방', '5259']
['알로하테이블', '14706']
['장사랑', '6142']
['몬스터브레드', '5876']
['다향착한정육점', '967']
['미즈컨테이너', '105373']
['벨로치노', '1061']
['드마리스', '37868']
['고기유', '42']
['카페어반트리스', '2280']
['철판불백집', '13']
['탕가네김치찌개', '174']
['까페가로수길', '4']
['짚동가리쌩주', '2555']
['할머니즉석떡볶이', '226']
['자금성', '18733']
['군봉묵은지김치찜', '730']
['복생원', '124']
['트레비앙', '4164']
['피자나라치킨공주', '19388']
['옛날집', '7954']
['공주네집사골순대국뼈해장국', 'None']
['또봉이통닭', '8956']
['비씨800커피&티', 'None']
['스시고메이', '623']
['세컨드고메', '345']
['라떼플로라', '3985']
['갬성식당', '670']
['두루두루베이비카페', '352']
['숯불닭갈비에반하닭', '14']
['파파라멘', '368']
['내친구고양이카페', '41']
['웨일즈독', '515']
['쥬스토', '607']
['카페레블', '584']
['맛닭꼬', '16295']
['커피꾼', '103']
['빠오즈푸', '2098']
['감성다방', '2560']
['모서리에커피집', '964']
['궤도에오르다', '2658']
['깍뚝', '714']
['래빗홀버거컴퍼니', '167']
['샘터골', '140']
['알고탭하우스', '898']
['가츠시', '1117']
['왕십리정곱창', '778']
['홍명', '1727']
['세익스피어베케이션', '127']
['알로하포케', '4461']
['갤러리로얄', '1886']
['들었다놨다참숯불닭갈비', '260']
['빠비뚜엡', '161']
['로이스퀸', '1383']
['남포면옥', '4343']
['베리블라썸다이닝', '320']
['스타족발', '3313']
['메종엠오', '13344']
['브레드에스프레소앤', '918']
['아트메이저', '1087']
['페이브', '10822']
['초우', '789']
['매뉴팩트커피', '17835']
['미미치킨', '398']
['뽕사부', '1339']
['일미옥', '579']
['피터패트', '5962']
['중대양곱창', '305']
['오시오떡볶이', '741']
['비스트로앤', '167']
['커피나무', '35678']
['상도갈비타운', '13']
['야쿠야쿠', '198']
['탭하우스더슈라인', '48']
['스타동', '779']
['블랑제리가마', '307']
['파전닭갈비', '3599']
['식빵이야기', '276']
['신풍곱창', '152']
['커피메이플', '264']
['버섯생불고기개성면옥', 'None']
['커피마리오', '704']
['오대리국수', '163']
['짝태시대', '755']
['봉순게장', '2728']
['썸오브에브리띵', '16']
['김정수할머니보쌈막국수', '8']
['카페리메인', '1091']
['카페커프엔드', 'None']
['이비가짬뽕', '21267']
['수타원', '289']
['작동홍두깨칼국수', '61']
['장어나라', '2576']
['키친모짜렐라', '822']
['커피지니어스', '1742']
['아띠오아나폴리핏제리아', '1067']
['탄두르', '427']
['담다베이커리', '1533']
['드렁킨타이', '2797']
['로이스타코', '815']
['줄리앤줄리아', '10339']
['잇쇼니', '3079']
['칸지돈부리', '348']
['영월애곤드레', '1358']
['훈커피', '248']
['메테오커피로스터스', '22']
['몽중헌', '11521']
['별미곱창', '8257']
['서두산딤섬만두', '39']
['제주오겹살왕돌구이집', '410']
['샛집남원추어탕', '44']
['가일', '4755']
['커피바이셉템버', '1580']
['소담정', '1143']
['한아람정육식당', '49']
['할머니포장마차멸치국수', '675']
['보리밥', '61278']
['강릉송정해변막국수', '351']
['달콤슈가', '38']
['장충동왕족발', '466']
['펀비어킹', '3251']
['다시올치킨', '217']
['한양촌', '25']
['타이인플레이트', '383']
['다이꼬지', '1987']
['미네스키친', '377']
['카페우유니', '180']
['종점토스트', '40']
['타쿠', '3713']
['소문난보배곱창', '47']
['더스토리지', '272']
['서촌김씨', '2074']
['서촌계단집', '8799']
['에버델리', '3851']
['빚짜', '7766']
['누하동주스바', '531']
['영화루', '3573']
['깡통만두', '4566']
['브라세리인스페이스', '1194']
['비엣꽌', '55']
['자작나무이야기', '1919']
['안국153', '3006']
['스토9', '113']
['한가네불고기', '104']
['레이어드', '218704']
['버섯마루', '332']
['거목정육식당', '28']
['킹콩커피', '1904']
['사또치킨', '480']
['잠원떡볶이', '824']
['세븐스프링스', '32114']
['취향', '1663036']
['아리수포차', '12']
['진지방순대국', '227']
['다낭월남쌈', '60']
['메밀랑', '163']
['남경반점', '130']
['을지로골뱅이', '5630']
['안준수곤드레밥', '3']
['목우촌', '3496']
['오근내닭갈비', '2069']
['시애틀에스프레소', '367']
['메밀공방', '1322']
['미스터돈부리', '639']
['오근내2닭구이', '68']
['칸지고고', '2791']
['트레플유오', '1783']
['에삐과자점', '14']
['대치골한우곱창', '458']
['월화당', '553']
['타르트팜', '2156']
['커피블룸', '1030']
['화부돈', '222']
['김태완스시', '8434']
['양평', '547537']
['세컨드테이블', '896']
['유정명물닭갈비막국수', '1']
['닭대감이야기', '63']
['준섭이네', '61']
['삼고집', '7483']
['신남불고기', '9']
['일상다반사', '89243']
['신남큰집', '126']
['실래마을가마솥보리밥', 'None']
['시골장터막국수', '57']
['동흥관', '655']
['떡볶이랑걸레만두랑', '174']
['호남손팥칼국수', '31']
['더비스킷카페', '375']
['왕게수산', '508']
['동네스시집', '574']
['광명만두', '850']
['만랩커피', '4775']
['미스터초밥', '4695']
['오블리비아테', '1971']
['샤브애', '1486']
['카페1428', '845']
['식빵공방', '7689']
['한끼맛있다', '30902']
['마로랑', '1627']
['왓삼', '436']
['인생식당', '5985']
['초밥몬스터', '119']
['할매닭한마리', '573']
['속초코다리냉면', '8012']
['신토불이', '25660']
['사리원', '7478']
['아랜역물닭갈비', '748']
['착한보쌈족발', '62']
['빨강떡볶이', '4456']
['할머니국수', '3073']
['해물천지', '7626']
['황재코다리냉면', '697']
['동지팥죽', '9394']
['수원야식', '147']
['밥집반가', 'None']
['버드네정육식당', '12']
['북경중화요리', '47']
['수피자', '685']
['유정식당', '2349']
['이공숯불구이', 'None']
['쏘리소', '3']
['크림디저트샵', '591']
['화정족발', '2530']
['민쿡다시마', '844']
['스시메이진', '13658']
['육쌈냉면', '37965']
['부추곱창', '14214']
['민쿡의080부대찌개', '179']
['맘마쿡', '17']
['정석참치', '518']
['초밥오타루', '623']
['동방미식성', '179']
['미스앤미스터포테이토', '568']
['디톡시', '1068']
['도화원', '242']
['해피데이', '42980']
['요인요아웃', '291']
['테리스버거앤베니에', '235']
['하남한돈', '7']
['상일정육식당', '7']
['더두툼생고기', '42']
['어창수산', '13']
['오군테이', '66']
['송화의카페', '718']
['양선생', '1492']
['골든핸즈라운지', '1601']
['태백국물닭갈비', '662']
['샐러드프린세스', '1360']
['카페어바웃', '392']
['Mssg', '2559']
['오징어한마리매운떡볶이', '345']
['누들아한타이', '479']
['착한짬뽕더착한탕수육', '23']
['사이공리', '1580']
['브레드덕', '3892']
['요술얼음', '195']
['늘보리', '477']
['운봉산장양고기전문점', '21']
['신짱스시', '660']
['김광일간장새우', '275']
['아마르', '1323']
['브레드제이', '319']
['풍년집정육식당', '195']
['동신면가', '294']
['장독흑돼지', '103']
['정가네양꼬치', '34']
['유황생오리숯불구이', '10']
['해안반점', '54']
['알투라', '726']
['맛나슈퍼', '5666']
['오고참', '19']
['우수식탁', '64']
['초롱이고모부대찌개', '15']
['뱅끼', '24']
['지유가오카브레드', '1270']
['따순기미', '9962']
['코레아노스키친', '22523']
['만석장', '1811']
['백년나무', '188']
['피에프창', '25021']
['피콜로피노', '609']
['브레드숨', '3256']
['그런커피', '2243']
['굿데이서울', '992']
['카페노들수', '2']
['그런밤', '7654']
['카페비러브드', '168']
['비앙비앙', '1643']
['소문난명품잔치국수', '8']
['정가네식당', '48']
['한강손칼국수', '1']
['앨리스토리커피공장', '22']
['플러스에이블', '1406']
['바세츠아이스크림', '3872']
['마술', '53002']
['온담칼국수', '3']
['크롬바커비스트로', '19']
['화이트쇼콜라', '643']
['연탄불왕십리곱창', '7']
['보쌈마루', '580']
['검단오류', '155']
['왕길', '2539']
['검단사거리', '8119']
['마전', '2564']
['완정', '1439']
['독정', '173']
['검바위', '229']
['아시아드경기장', '4479']
['서구청', '14149']
['가정', '113873']
['석남', '21147']
['서부여성회관', '156']
['인천가좌', '1123']
['가재울', '4346']
['주안국가산단', '32']
['인하대', '52568']
['애비로드', '5104']
['닭살부부', '2890']
['슈가도로시', '2079']
['오겡끼데스까', '12184']
['신포', '4834']
['시민공원', '84471']
['석바위시장', '1316']
['석천사거리', '414']
['모래내시장', '11877']
['만수', '9463']
['인천대공원', '90705']
['운연', '70']
['곤지암', '160979']
['신둔도예촌', '690']
['이천', '362017']
['부발', '1217']
['세종대왕릉', '4327']
['여주', '230838']
['지평', '2153']
['야당', '34554']
['인우초밥', '253']
['성천막국수', '730']
['일광쪽갈비', '67']
['늘봄해물찜&손칼국수', 'None']
['퍼102', '27']
['칠오구의집', '111']
['엄나무집', '162']
['커피그라운즈', '404']
['속초붉은대게', '7792']
['본누벨과자점', '47']
['커피점빵', '2787']
['스시토푸', '851']
['베이커리구스토', '688']
['광나루순대', '49']
['삼통치킨', '6641']
['나미', '27644']
['대관령감자탕', '38']
['스시히로바미니', '119']
['프언타이', '407']
['엘리펀트커피', '2170']
['청년다방', '131440']
['으뜸횟집', '632']
['호우스시', '420']
['가인채', '3341']
['할매집순대국', '5']
['산수고원', '194']
['카페햅시바', '3']
['오륜브레드', '4']
['파리크라상', '60668']
['비스트로오르소', '38']
['더한스아리아', '68']
['다랑손칼국수', '3']
['해림식당', '14']
['하나로황제짜장', 'None']
['코바코', '4402']
['프라브', '888']
['바니치킨', '201']
['카페298', '51']
['맛나닭가마솥치킨', '175']
['우돈가네맛구이', 'None']
['시즌티', '237']
['소육옥', '175']
['종로닭한마리', '346']
['커피시네마', '56']
['대로부속집', '5']
['독바위바지락칼국수', '2']
['올떡볶이', '537']
['제주돈창고', '1']
['하하호호족발', '3']
['수연떡방앗간', 'None']
['한앤둘', '551']
['마성의족발', '4']
['치킨뱅이', '4546']
['뚜레쥬르', '115531']
['빚은', '10945']
['내고향왕만두', '63']
['바오바', '52291']
['커피라이터', '2743']
['찬스브로스', '5177']
['사우스사이드팔러', '260']
['매니멀스모크하우스', '4721']
['왕타이', '4606']
['더버뮤다', '9341']
['코니크', '3406']
['디어브레드', '9142']
['고른햇살', '1867']
['프로마치', '1404']
['용초수', '1001']
['샐러데이', '2387']
['하트카페', '553']
['오샬', '1281']
['정상호프', '8']
['휘모리', '1228']
['춘자', '19839']
['시저지', '602']
['이웃사촌', '43685']
['석관시장떡볶이', '310']
['모구모구', '15833']
['성가네낙지마을', '373']
['패티앤빅왕돈가스', '66']
['태성식당', '68']
['대게축제', '2872']
['세븐돈까스김밥', '2']
['육부단', '6']
['Mr왕', 'None']
['토리자까나', '4']
['어썸커피', '1406']
['데일리파크', '678']
['스시차이', '20']
['봉화산커피', '370']
['낙지방', '32']
['기와집', '21076']
['일광횟집', '193']
['의성국밥', '4']
['모찌로', '115']
['커피바스켓', '613']
['강변꽃돼지막창', '4']
['카페두드림', '258']
['짜우탕', '144']
['똥집의달인', '251']
['불라비나카', '878']
['카페레아0306', '245']
['서브웨이', '136184']
['떡볶이창고', '475']
['참숯막창집', '120']
['디어필립', '381']
['30cm옛날수제왕돈까스', '12']
['주원초밥앤참치', '28']
['브라우니70', '12666']
['씨갤러리', '253']
['스시앤스시', '1399']
['밀밭', '3588']
['호중천', '38']
['용인토종순대국', '52']
['지브로', '2314']
['파이톤', '26234']
['꾸떼드미엘', '268']
['쿠마스시', '197']
['통통조개구이', '100']
['엉클스보라카이', '1442']
['태성추어탕', '321']
['디어스윗랩', '2486']
['아날로그키친', '15199']
['스시메이진황금접시', '863']
['존쿡델리미트', '13459']
['히노아지', '5119']
['335키친', '78']
['바나나립', '1398']
['솔밭공원', '3691']
['419민주묘지', '594']
['가오리', '36214']
['화계', '858']
['삼양', '22804']
['삼양사거리', '1732']
['솔샘', '204']
['북한산보국문', '167']
['정릉', '30545']
['쿠데타', '217152']
['어서오슈', '760']
['고래고래', '16913']
['동방만두전문점', '3']
['화경', '768']
['족발하우스', '164']
['황토숯불바베큐', '7']
['정가네', '6936']
['모니모니', '6668']
['닭갈비제작소', '6368']
['스시향', '2251']
['닥꼼', '136']
['달주라멘', '1017']
['닭이봉춘천닭갈비', '129']
['오파스타', '438']
['바로족발', '845']
['대통삼', '1184']
['사바사바치킨&비어', 'None']
['드럼통석쇠구이', '11']
['카페베네', '248821']
['더블플레이치킨', '273']
['빡스스테이크', '8']
['스시모모', '16']
['322미터', '697']
['롱커피', '1297']
['오아시스71', '110']
['김밥레시피', '202']
['장모족발', '3726']
['강한남자족발', '273']
['생고기제작소', '16120']
['버거웨이', '201']
['웨이사이드치킨', '240']
['가메이', '682']
['취엔', '415']
['레오펍', '333']
['동복식당', '40']
['스시애', '3372']
['뉴욕반점', '3099']
['청실홍실', '8034']
['온더바', '2890']
['산수향', '506']
['부평막국수', '363']
['세겹살', '717']
['면식수행', '9322']
['예한상', '7']
['커피나래', '28']
['할머니추어탕', '1211']
['삼현가', '7']
['야당리외식공간', '1312']
['쇼우', '1368']
['황칠가돼지엄마족발보쌈', '2']
['손스시', '46']
['심슨더스파이스', '892']
['안단테', '21043']
['내사랑동까스', '828']
['카페85랩', '691']
['착한낙지와해물칼국수', '8']
['잇츠', '9872']
['자니로켓', '9496']
['3층커피집', '953']
['어스식당', '687']
['정성본샤브칼국수', '4']
['카페썸모어', '3915']
['오늘더사랑해', '38001']
['아띠커피', '244']
['송도양과점', '323']
['크리스피버거', '899']
['피올리앙', '249']
['쌈앤장', '117']
['기노스코', '4146']
['아츠델리', '693']
['수라채다이닝', '420']
['임파스토', '1152']
['터쿼이즈커피', '424']
['단바쿠라멘', '1620']
['헤이미쉬', '13528']
['터치스카이루프탑바', '59']
['엘벧엘', '192']
['이조면옥', '3649']
['별난낙지', '370']
['금왕돈까스', '4482']
['1977김치찌개', '8']
['갯마을회전문점', 'None']
['카페드라무', '334']
['노렌', '6317']
['먹태집', '771']
['담소사골순대', '4792']
['신야텐야', '1295']
['고씨네', '11595']
['챠라챠라', '125']
['인생덮밥', '1515']
['이엄청난참치', '21']
['카페더브릿지', '1564']
['봉구비어', '160468']
['농장이야기', '504']
['정인면옥', '10111']
['이도맨숀', '1608']
['올라', '22589']
['진진만두국', '130']
['김명자굴국밥전문점', '26']
['소호정', '6795']
['그리츠', '1483']
['커피앓이', '206']
['한소반', '2776']
['곤드레집', '420']
['청계산커피하우스', '2']
['청계산산들애', '6']
['영주축산농협한우프라자', '2']
['애마오리', '675']
['카페트리니티', '115']
['청계산도토리국수', '15']
['153포인츠부대찌개', '1040']
['시골애낙지볶음', '263']
['일미리금계찜닭', '7252']
['CaffeArte', '132']
['오와스시', '5843']
['방자네바지락칼국수', '31']
['산골정육점식당', '18']
['삼보추어탕', '39']
['밥머거', '553']
['우렁각시', '14448']
['무봉리토종순대국', '415']
['Cafe봄날', '570']
['그부대찌개집', 'None']
['나무기린', '4358']
['라미니', '3615']
['미스터빅', '2128']
['더플래버', '34']
['강남돼지', '552']
['유미딱닭강정', '8']
['동인카페', '5']
['키레에나스시', '50']
['남애막국수칼국수', 'None']
['호롱불닭발', '31']
['최고봉갈매기', '61']
['예카낙지마을', '5']
['엄마손족발칼국수', 'None']
['용인시장애인종합복지관쿠키트리', 'None']
['수누리감자탕', '805']
['가현네손칼국수', 'None']
['울엄니보신탕', 'None']
['새우야', '2464']
['본구이', '273']
['송추가마골', '14761']
['그린파스타', '798']
['멘무샤', '12972']
['돈곳간', '451']
['고메이커피', '41']
['큰형네부대찌개', '9']
['돈까스앤바베큐', 'None']
['우묵베미사람들', 'None']
['해뜨루', '47']
['도농', '6864']
['구루몽', '3824']
['스시마이따', '69']
['이자까야센', '4']
['풍년농장', '31']
['FlapjackPantry', '3593']
['가운한우장터', '7']
['신군쭈꾸미', '28']
['버거팰리스', '14']
['그리너리플레이스', '1477']
['뽕차이', '546']
['오리1', '21']
['충무김밥', '55358']
['덕소나능이버섯백숙', 'None']
['강호동치킨678', '1566']
['두산떡방', 'None']
['예조', '1176']
['커피집지라니', 'None']
['수수', '15792']
['진지상', '537']
['연꽃언덕', '1628']
['카페리노', '1241']
['알로하오에', '971']
['두물머리연꽃마을', '5']
['강변집', '52']
['브라운스푼', '7738']
['두물머리밥상', '177']
['공릉동원조멸치국수', '134']
['삼전숯불갈비', '22']
['국수리국수', '869']
['촌두부밥상', '10']
['Bamboo314', '460']
['보릿고개', '6280']
['너랑나랑분식카페', '2']
['국수리순두부', '3']
['커피앤트래블', '10']
['무청밥상', '28']
['양수해물순두부', 'None']
['반포식스', '7705']
['호토모토', '1300']
['이조한아름갈비', '19']
['서울', '11525695']
['알키미스타', '943']
['청솔식당', '315']
['소담촌', '4037']
['청', '47221']
['남흥골삼호가든', '17']
['고기요', '743']
['아리산채', '277']
['대동반점', '1295']
['포항막회', '770']
['살구나무집', '521']
['지노스커피', '51']
['소담치킨', '1285']
['카페도노', '788']
['정다방', '629']
['어머니밥상', '974']
['토당칡냉면칼국수', '1']
['베이커리해피데이', 'None']
['BARN110', '1251']
['피스피스', '15306']
['이곳에선', '3470']
['몽화가락', '662']
['필모어', '10780']
['재이식당', '3000']
['양지미식당', '13047']
['르쁠라', '1266']
['앵커드', '6421']
['사또돼지부속', '2']
['회싸나이', '276']
['해피커피', '120']
['유일곰탕', '12']
['참두루두루치기', '68']
['옛날수타손짜장', '28']
['곤지암소머리국밥', '460']
['옥돌례', 'None']
['암소식당', '31']
['그린플레이트', '862']
['신선한우촌', '34']
['메이드인짬뽕', '388']
['그린파티', '355']
['흥부네숯불갈비', '27']
['빈스', '39869']
['3일장터', '30']
['소망한우명가', '1']
['돈보따리족발', '7']
['원조이모네곱창', '10']
['피자핫', '224']
['신화조양순대국', 'None']
['깻잎칩킨', '1775']
['한성식당', '1872']
['3일한우국밥', '204']
['왕쉐프', '210']
['뽈이랑아구랑', '56']
['고기를사랑하는집', '37']
['미드655', '155']
['몽차이', '259']
['한쌈가득', '635']
['쉐프가하는술집', '119']
['뉴욕그릴', '261']
['탐라도회참치', '4']
['아트리움카페', '17']
['맛있는밥상', '5151']
['착한닭갈비', '669']
['빨간커피통', 'None']
['그옛날손짜장', '157']
['호두까기호두과자', '67']
['한국에서두번째양평해장국', '23']
['대가집', '221']
['최대감생고기', 'None']
['대성리맷돌손두부', '2']
['송원막국수', '2404']
['조무락닭갈비', '433']
['남이섬꼬꼬춘천닭갈비', '140']
['산촌식당', '724']
['DAL0101cafe', '20']
['플랫', '97904']
['둘레길숯불닭갈비', '53']
['청운닭갈비막국수', '62']
['닭갈비사랑메밀국시', '490']
['유명숙춘천닭갈비', '49']
['강촌역닭갈비', '15']
['원조숯불닭불고기', '325']
['회영루', '813']
['이디오피아집', '690']
['비스트로테이스티', '1057']
['자매키친', '5985']
['크로프트커피', '3415']
['산더덕숯불닭갈비', '529']
['춘천커피', '6424']
['춘천숯불닭갈비', '7492']
['치엔롱', '531']
['온더가츠', '303']
