남영,두화당 ,조대포 (1호점),하나모코시 ,문배동육칼 ,열정도 다가구주택 ,쎄라비 ,열정도 고깃집 ,마시&바시 ,두들커피로스터리 ,열정도 감자집 ,
노량진,형제상회 (노량진본점),꿀꾸랄라 ,오가네팬케이크 ,허수아비 ,마마부찌 ,곱창의전설 (노량진점),스시준 ,노량진길거리베트남쌀국수 ,스윙바이 (노량진점),주전부리 ,
영등포,오월의종 (타임스퀘어점),에베레스트 (영등포점),커피리브레 (타임스퀘어),마호가니커피 (타임스퀘어점),마굿간생고기 ,켄비멘리키 ,마호가니 ,카페마마스 (타임스퀘어),삼송빵집 (신세계백화점 영등포점),달빛한모금 (영등포점),
신도림,올드문래 ,신도림 이도식당 ,코나야 (현대백화점 디큐브시티점),백미당 1964 (디큐브 시티점),미미네 (현대백화점 디큐브시티점),찬장 ,쉐라톤디큐브시티로비라운지바 ,빈브라더스 (신도림디큐브시티백화점점),이춘복참치 (현대백화점 디큐브시티점),신도림참족발 ,
외대앞,영화장 ,외대철판마을 ,본가할머니보쌈 ,레알라면 ,원더러스트 ,옹골진치킨 (외대점),베브릿지 (외대 본점),언니네함바그 ,고수찜닭 (외대점),통일부대찌개 ,
신이문,로지스시 ,서울쉬퐁 ,농이마을 ,광산떡볶이 ,진도식당 ,진성각 ,남대문임금님표꿀타래 ,안다미로왕솥뚜껑삼겹살 ,별난주점 (한예종점),신마포갈매기 (이문삼거리점),
석계,창신동매운족발 (1호점),창신동매운족발 (석계점),남해바다마차 ,봉추찜닭 (석계점),채선당 (석계점),치어스 (석계역점),무명칼국수 ,이층블루스 ,버들국수 ,포베이 (석계역점),
월계,마루국시 ,육당21 (월계점),용궁중화요리 ,월계철판곱창 ,보리보리 ,와플팝 ,가장맛있는족발족과의동침 (월계점),썬더치킨 (인덕대점),행복추풍령감자탕묵은지 (월계점),전봇대곱창 ,
녹천,금희네삼겹살 ,맥시칸 (녹천점),,,,,,,,,
서울,블랙드럼 ,유즈라멘 ,카페올로 (서울스퀘어점),해랑스시 ,카페395 (밀레니엄서울힐튼),이창희스시 ,베리스트리트키친 ,카니발피자 ,서울리스타 ,누들박스 (서울역점),
시청,애성회관 (북창동점),마르셀 ,진주회관 ,림벅와플 (덕수궁직영점),잼배옥 ,모모카페 ,도원 (플라자호텔),에릭케제르 (플라자호텔),송옥 (본점),유림면 ,
종각,더미 (광화문 본점),백부장집닭한마리 (본점),무교동북어국집 ,반짝반짝빛나는 ,황산샤브샤브 ,종로돈부리 ,교대이층집 (광화문점),정선할매곤드레밥 ,청진식당 ,커피기업 (광화문점),
종로3가,뚝배기집 ,크래프트루 ,포탈라 (종로점),양키스버거 ,호반 ,녹기전에 ,국수찾아닭만리 ,서울커피 (익선점),리장수 ,효자동목고기 ,
종로5가,부촌육회 ,창신육회 ,육회자매집 (3호점),육회자매집 (2호점),진옥화할매원조닭한마리 ,은성횟집 ,형제육회 ,순희네빈대떡 ,소문난원할매닭한마리 (종로본점),원조누드치즈김밥 ,
동대문,비엘티스테이크 (JW메리어트동대문),옥천왕족발 ,동북화과왕 ,마고미 ,일젤라또 (현대시티아울렛 동대문점),창신동매운족발 (본점),라에스키모 (현대시티아울렛 동대문점),코나야 (현대시티아울렛 동대문점),그리핀바 ,더라운지 (JW 메리어트호텔 동대문점),
신설동,육전식당 (1호점),육전식당 (3호점),육전식당 (2호점),리도 ,황박사소갈비 ,어른이대공원 ,팔삼 ,미스사이공 (신설동점),학술적연구소 ,빈이네곱창 ,
제기동,나정순할매쭈꾸미 ,평양냉면 ,히든트랙 ,마약고기 ,용두동임오네쭈꾸미 (1호점 본점),청량리할머니냉면 (용두점),상생장 ,함경면옥 ,치킨마루 (제기동점),감초식당 ,
동묘앞,낙산냉면 ,히말라얀레스토랑 (동묘역점),호텔고기뷔페 ,채선당 (동묘점),본고향맛집 (동묘점),동묘 어탕국수 ,나마스테 (동묘점),호로록커피 ,고기튀김전문집 ,포메인 (동묘점),
쌍용(나사렛대),카페 하인츠 (팬타포트점),유리카모메 ,펀피쉬R ,국수나무 (천안와이몰점),왕십리용비네한우곱창 ,죠인쉐프뉴욕 (천안아산역점),갈릭차이나 ,스시히로바 (갤러리아 센터시티),밀러타임 (아산KTX점),빈스앤베리즈 (갤러리아 센터시티 3호점),
아산,,,,,,,,,,,
탕정,풍기역전앞부산식당 ,,,,,,,,,,
풍기,,,,,,,,,,,
온양온천,예가떡폐백이바지전문 ,홍두깨칼국수 ,장어사냥 ,은정갈비 ,재벌짬뽕 ,치르치르 (온양온천점),삼부자황제갈비살 ,유림분식 ,현대갈비 ,올래즉석멸치국수 ,
신창,곤지암백간난소머리국밥 ,유정고기마당 ,대청마루 ,,,,,,,,
가산디지털단지,여신족발 ,춘천옥 ,인디아게이트 (마리오점),에머이 ,스시마이우 ,선향정샤브샤브 ,홍대돈부리 (마리오아울렛),25카츠 (가산점),철판목장 (W몰점),포보스 (현대아울렛 가산점),
관악,관악감자탕 ,재동골순대보쌈 ,도미노피자 (석수점),엘에이호프 ,삼막골샤브샤브 ,대림떡집 ,서소문순두부보쌈 ,본가한방족발 ,도담바지락칼국수 ,캘리포니아 ,
안양,65 디그리스 ,연막술 (안양본점),삼촌식당 ,봉추찜닭 (안양점),어반시크 ,설빙 (경기도안양점),홍대돈부리 (안양1번가점),코벤트가든 ,서가앤쿡 (안양1번가점),아지매순대국 ,
금정,제주아방 (금정점),항아리보쌈 ,찌개지존 ,털보네떡볶이 ,좋은날피에스타 ,가장맛있는족발 (금정역점),군산오징어 ,서래통 ,커피볶는고양이 ,레드브릭 ,
군포,군포식당 ,골목집 ,진주집 ,싸오타이포차 ,윤대감참숯등갈비 ,쭈박 ,피자정 ,예감쪽갈비 (군포점),촛불조방낙지 ,군포떡집 ,
성균관대,나이트티 ,국수파동 ,벨라튀니지 ,블루펍 ,바네통 ,비추는별 ,키와마루아지 (성균관대점),낮것상칼국수 ,히토리 ,본찌돈까스 ,
화서,수모임 ,태백막국수 ,커피주택 ,청와대갈비 ,경기회수산 ,Begin195 ,바울아저씨 (수원화서점),니지 퓨전일식 ,정통춘천닭갈비 ,바이크빈 ,
독산,대구원조까미생막창누네서네 (서울점),다이닝살룬 ,영향 ,신선설농탕 (독산점),스시옥 ,홍수계안동찜닭 (홈플러스금천점),금대한우도매식당 ,뽕나무쟁이족발 동두천진짜부대찌개 ,1인자감자탕 ,천지회관 ,
세류,수원성옛설렁탕 ,필디스모먼트 ,홀리커피 ,대풍원 ,옻닭집 ,더 티엔 ,매울만두하지 ,디디치킨 (세류역점),싱싱회타운 ,장원떡집 ,
세마,핏제리아다루카 ,빵토리 ,별스시 ,드림독 ,무진장갈비 ,브로한 ,죽이야기 (세마역점),취풍덕 ,홍가네가든 ,마루샤브 (오산점),
오산대,삼미포차 ,카페시스 ,오레오양꼬치 ,셰프마스터 ,최가네불짬뽕 ,신화닭발 ,본가왕뼈감자탕 (오산세교점),대명오리 ,물향기쌈밥정식 ,화진정 ,
오산,문경새재 ,킴홍베트남쌀국수 ,대흥식당 ,오리향 ,천지연 (오산점),포크두개바베큐치킨 ,담케이크 ,신전떡볶이 (오산점),원샷 ,아라리만두 ,
송탄,김네집 ,세모분식 ,김네집 ,영빈루 ,뉴욕스키친 ,어가촌 ,춘옥 ,음악당 ,죠인쉐프뉴욕 ,록키즈버거 ,
서정리,그램그램 (이충점),카페폼 ,유가네곱창넷 ,더맛있는김밥 ,조가네부대찌개 ,컵스앤쿡 ,역전식당 ,베이컨시 ,진미집 ,79네수육국밥과철판 (서정점),
평택,모티마할 ,군계폐계닭 ,아웃백스테이크하우스 (AK플라자 평택점),민족의부대찌개 ,오말리 (평택점),개화식당 ,도쿄식당 ,장수손칼국수 ,나랑 ,그녀의돈까스 ,
직산,다루 ,미소가득 ,자매곱창 ,꼬맹이김밥 ,도네누 (천안직산점),일품한우정육점식당 ,청중화요리 ,다우홈 ,대원 ,닭강정총각 (천안직산점),
당정,커피인더스트리 ,한참치 ,우차돈 ,할매냉면 ,남도보신탕 ,커피하우스 (군포점),장스치킨 (당정점),카페하라 ,석기정 (당정점),명품철판닭갈비 ,
서동탄,보나카바 ,경복궁 (동탄점),미사리밀빛초계국수 (동탄점),홍종흔베이커리 ,봉평메밀막국수전통보리밥 ,운봉소갈비전문점 ,본가장수촌 (동탄점),목포식당 ,구수옥 ,삿뽀로 (동탄점),
광명,아메리칸트레일러 (광명점),이케아레스토랑 (광명점),카페덕안 ,생어거스틴 (광명롯데 프리미엄몰점),빌라드샬롯 ,브로버거 ,백합칼국수 ,발재반점 (롯데프리미엄 아울렛 광명점),데일리로스트커피 ,스시한판 (롯데프리미엄아울렛광명점),
오류동,평양냉면 ,팔칠닭강정 (오류동본점),춘향양꼬치 ,후쿠야 ,파스타카페가든 ,봉쥬비어 ,호치킨 (오류1동점),하루국수 ,스시쿠야 ,서울 명동 찌개 (오류동점),
역곡,크라이치즈버거 (역곡점),착한돈삼이네 (역곡점),쇼샤돈부리 ,브이떡볶이126 (역곡본점),조아저씨빵집 ,달팽이커피집 ,화호이하롱관 ,신동 ,갈비씨 (역곡본점),꿈꾸는다락방 ,
송내,강원토종삼계탕 (부천점),호미불닭발 (본점),토리마쯔리 ,르시엘 ,어부의밥상 ,어서오새우 ,스시정 ,공사하우스 ,복돼지집 ,보니타디카페 ,
부평,에픽 ,일품향마라향솥 ,레드락 ,콩설기 (3호점),삼미당 ,위대한카페 ,엠바웃 ,단아한 베짱이 ,베란다컵케이크 (부평 본점),지로 (부평점),
주안,뽀까뽀까 (주안점),모밀애 ,황금게장 ,the숯불닭 ,끽다점 ,거북곱창 (인천 주안점),소소비루 ,크레페하우스 ,옛날식김치찌개 ,빽다방 (주안역점),
제물포,오목골즉석메밀우동 ,백령면옥 (제물포점),가격파괴범 ,모노에스프레소 ,초밥마루 ,숭의가든 ,한스델리 (인천제물포점),모미락 ,명품삼계탕 ,크레플 ,
인천,신승반점 (본점),원보 ,만다복 (본점),홍두병 ,다다복 ,팟알 ,십리향 ,중국제과담 (1호점),연경 ,신 ,
구일,비어펍 ,도네누 (동양공대점),주먹쥔갈매기 ,안주파티 ,빨봉분식 (고척점),리틀하노이 (고척점),뺑드미 (본점),김떡비 ,썬더치킨 (고척점),아로이 ,
소사,떡애 ,카페 이유 ,멜로우시티 ,하늘자전거 (소사점),차이나텐진 ,또모찌 (소사점),치킨과외것들 ,왕또떡볶이 ,서신분식 ,요거프레소 (서울신학대점),
간석,안스베이커리 (간석점),효재네맛집 ,금강산숯불갈비 ,한우평 ,형제닭집 ,야래향 ,먹돌래식당 ,린 (간석점),식객 ,수림공원가든 ,
도원,이화찹쌀순대 ,대도닭강정 ,신일반점 ,창영떡집 ,아레나 ,웅이네족발 ,성원식당 ,엘레나가든 (인천숭의점),천영토시살전문 ,신흥정육식당 ,
중동,한촌설렁탕 (부천본점),아뜰리에낭만앵 ,하루동 ,커피상동시장 (상동시장점),순흥골숯불갈비 ,뿔난쭈꾸미 ,육영맥반석치킨 ,속초생선찜구이 ,치킨678 (부천중동역점),웜이디자인베이킹 ,
도화,초가메밀우동 ,선어락 ,고기사냥 ,신성관 ,커피유 ,손두부보쌈 ,,,,,
도봉,무수옥 ,삼오곱창 ,Cafe1253 ,묵은지사랑 ,이퓨레 ,써이포차나 ,매워도다시한번 ,청아라 ,오마이삼겹살 ,신라삼계탕 ,
도봉산,도봉산양고기 ,민락촌 ,옹기꽃게장 ,산과산사이커피로드 ,더밸리 ,도봉산갈비 ,영수네감자국 ,인디언소울 ,도봉산 팔뚝집 ,장어가 ,
회룡,평양면옥 (의정부본점),더치480 ,사쿠라멘 ,의정생고기 ,젠틀차이나 ,조금느린집 ,프랭크서울 (회룡역점),워낭소리 ,겐조스시 ,아세안익스프레스 ,
의정부,깡통돌곱창 ,신래향 ,평양면옥 (의정부본점),1978,매드포갈릭 (의정부점),겐텐 ,홍대돈부리 (의정부점),생어거스틴 (신세계백화점 의정부점),스쿨푸드 (신세계백화점 의정부점),부야스곱창 (의정부점),
녹양,예향재 ,착한낙지 (의정부 본점),불만난쭈꾸미 ,굽네치킨 (의정부녹양점),뜨락가든 ,쭈꾸미아저씨 ,유월의아침 ,코리안숯불바베큐 (녹양점),무한버섯나라 (녹양점),전국5대짬뽕 교동짬뽕 ,
양주,막줄래국시 ,압구정해장국식당 ,김경자소문난대구왕뽈찜 (양주점),,,,,,,,
덕계,김돼지네 ,꺼먹돼지 ,쿠우쿠우 (양주점),안골 ,초원마차 ,추오정남원추어탕 ,채선당 (덕계점),홍삼오리회전구이 ,김떡배 ,고구려삼계탕 ,
지행,라구 ,뚱가네수제갈비 ,야미앤바베쿡스 ,아리랑갈비 ,꼬치굽는브라더 ,3일소고기국밥지행점 ,장모님진해장국 ,제리스 ,해물천하조개구이 ,인비토 ,
동두천중앙,송월관 ,평남면옥 ,처가집부대고기 ,충남칼국수 ,별미칡냉면 ,소요산면옥 ,카페엣 ,카페윙 ,금락일식 ,서가해물찜찜찜 ,
소요산,신흥숯불갈비 ,소요산신흥 ,유경참나무장작구이 ,가마솥밥집 ,카페파우스 ,명품한우축산물식당 ,조선곰탕 ,넓은공간 ,다래현 (소요산점),동천골 ,
마전(무정차),레어그루브 ,신길동매운짬뽕 (신길본점),신해림샤브뷔페 ,견블리 ,함흥냉면명가신면옥 ,토시래 (신길삼거리점),자연드림 (서울신길점),전봇대곱창 ,신길양꼬치구이 ,생활맥주 (신길삼거리점),
신길,,,,,,,,,,,
청량리,동경통닭 ,영양센터 (청량리점),혜성칼국수 ,서울뼈구이매운족발 (본점),마카나이 ,광주식당 ,독 ,할머니냉면집 ,빌리엔젤 (롯데백화점 청량리점),실크로드 ,
대방,약초마을 ,송백목감자탕 ,빕스 (대방점),담소 ,라듀레 ,희래등 ,알볼로피자 (신길점),다채 (대방점),제일숯불갈비 ,코리 ,
회기,회기왕족발보쌈 ,경발원 ,오관스시 ,백수씨심야식당 ,커피컵 ,봉이만두 ,치맥파이브 ,와요 ,배트콩 ,러블티 ,
광운대,베트남노상식당 (광운대점),더진국 (광운대점),여우곱창 ,로스2000 ,스타벅스 (광운대점),만남곱창 ,치킨클럽 ,빈대떡신사 ,달또바기 ,오네스토테이블 ,
창동,마쯔무라돈까스 ,하누소 (창동본점),카페오븐 ,사누끼 ,창동짬뽕 ,경복궁 (창동점),쉐프마인드 ,우동수 ,덩어리 ,킴스테이블 ,
봉명,한촌설렁탕 (천안쌍용점),삼부자한우정육식당 ,샤브팜 (천안점),강촌유미숯불닭갈비 ,이현쭈꾸미 ,구이박사 ,재석이네참숯화로구이 ,지진주쌈밥 ,바다장어마을 ,탱탱김치제육 ,
배방,치르치르 (아산배방점),꽁당보리밥 ,아산본가민물장어 ,삽교곱창 ,본죽 (아산배방점),원주통닭 (배방점),솥단지 ,김국진 참숯갈비 ,지산갈비 ,이태은의자연 ,
구로,후쿠오카함바그 (AK플라자 구로본점),카페드마티네 (AK플라자 구로본점),아웃백스테이크하우스 (AK플라자 구로본점),카페라라 ,어니스크 ,뺑드미 (신도림점),다모아 ,파티오 ,쭈꾸미에빠진날 ,선향정 (AK플라자 구로본점),
석수,참곱돌 삼겹살 & 감자탕 ,브링웰피자 (석수역점),도르리 ,치킨쥼 (석수점),백화원 ,토박이샤브샤브 ,화평동왕냉면 (시흥3동점),효자네 ,본죽 (안양석수역점),스낵빈 (안양석수점),
명학,놀부보쌈 (안양점),한촌설렁탕 ,커피페이지 ,60계 (안양메가트리아점),7MILE ,양촌리 (안양동점),쿄가와 ,피사레스토랑 ,기지개피자 ,3대육개장 ,
의왕,손커피연구소 ,소와주 ,커피룩 ,맛도야지 ,시앙차이나 ,춘천명동닭갈비 ,한국수 ,미스터쉐프포차 ,어진아구찜 ,경춘선춘천숯불닭갈비 (부곡점),
수원,더스퀘어 (노보텔 앰배서더 수원),24박영식등뼈찌개 ,라롬드빵 (AK백화점 수원점),하회마을포차빠 ,스시한판 (수원점),열대야 ,트라토리아식구 ,아다미식당 (본점),청키면가 (롯데백화점 수원점),바네스타코 (롯데몰수원점),
병점,홍익돈까스 ,등촌샤브칼국수 (병점점),화성성만무한리필민물장어 (병점점),퀸앤퀸즈카페 ,오줌장군 (병점점),깔꾸리정육식당 (병점 4호점),백프로스시베이 (병점점),신마포갈매기 (병점점),을지로미인골뱅이 ,홍대오빠곱창 ,
진위,커피냅로스터스 ,짜장면가 ,명조한우정육식당 ,이오스꿀맛닭강정가마솥통닭 ,장흥낙지 ,사철마당 ,예향오리가든 ,바다양푼이동태탕 (평택LG로점),이화원 ,2대수짬뽕 ,
지제,산골사랑 ,호담 ,엔젤리너스 (지제역점),평농푸드 ,대가쭈꾸미 ,,,,,,
성환,한방왕족발보쌈 ,동순원 ,더스토리피자 ,대복중화요리 ,진주회관 ,명동칼국수샤브샤브 (천안성환점),컬투치킨 (성환사랑1호점),본태커피하우스 ,한일칼국수 ,청매골화로구이 ,
천안,브루어스 커피 ,시골집얼큰한뼈해장국 ,학화할머니호두과자 (천안역점),치킨인더키친 (천안신부점),제이의꽃다방 ,천안옛날호두과자 (본점),마늘떡볶이 ,로보쿡 (천안신부점),팔팔닭떡볶이 ,메콩타이 (신세계백화점 충청점 A관),
개봉,개봉칼국수 ,파파비 ,레시피타운 ,원차우 ,다채 (개봉점),발해양꼬치 ,돈까스클럽 ,써드포지션 ,고고스커피 ,광장민속촌 ,
부천,크라이치즈버거 (심곡점),윤스마카롱 ,브라운버터 ,공개정원 ,더국물 ,부즈인부스 ,베스코 ,안나푸르나레스토랑 ,유리즉석떡볶이전문점 ,기다려봄 ,
백운,예촌순대국 ,참조은한우장터 ,통큰포차 ,산동포자 ,서울식당 ,마포주먹고기 ,띵호와쉐쉐 ,오가찜 ,국제족발 ,,
동인천,일미소문난냉면 (본점),인현통닭삼계탕 ,잉글랜드왕돈까스 ,싸리재 ,아라베스크 ,괜찮은꼬치집 ,고향냉면 ,커피정류장 ,백스비어 (동인천역점),불불이족발 (동인천역점),
부개,카페동네 ,카페외할머니 ,쇼동 ,광어2마리스 ,바나나자매 ,오븐크로아상 ,안면도회포차 ,대장군돼지부속 ,빅몬스터커피 ,커피늘보 ,
온수,미켈족발집 ,토담골순대 ,조마루감자탕 (온수점),약초마을 (온수점),향미촌 ,아빠치킨 ,모메존칼국수 ,다원국수 ,탐앤탐스 (온수역점),파니팡니 (우신점),
방학,피자리아150길 ,알레싸 ,카페 152길 ,몽상가 크레이프 전문점 ,스카이호프 ,호감 ,파린두스 ,뉴욕베이커리 ,리코스퍼블릭 ,은행골 ,
망월사,메가커피 (망월사점),화로상회 (의정부점),싸리골 ,투셰링불곱창 ,미니스트리오브커피 ,팡도미 ,스시앤리 ,처갓집양념치킨 (호원점),그리고옹심이메밀칼국수 ,착한한우정육식당 ,
가능,이젠 ,제주은갈치 ,돈까스갤러리 ,무해정생국수칼국수 ,티라노곱창 ,호식이두마리치킨 (가능점),앗싸곱창 ,학교앞떡볶이 ,첸차이나 ,기절초풍물닭갈비 ,
덕정,덕정갈비 ,밀밭칼국수 ,모먼츠 ,돈가네곱창 ,슝카롱 ,덕화원 ,피자르방 ,넉넉한사람들 ,독바위칼국수 ,치킨마루 (덕정점),
보산,호수식당 ,삼복횟집 ,핫피자 ,커피닮다 ,텍사스바베큐 ,그집순대국 ,진성식당 ,라이라이 ,연천분식 ,오륙하우스 ,
용산,오근내 닭갈비 ,시애틀에스프레소 ,카페마마스 (용산아이파크몰점),빌리엔젤 (용산아이파크몰점),메밀공방 ,미스터돈부리 (용산점),매드포갈릭 (용산아이파크몰점),계절밥상 (아이파크몰 에어쉽),오근내2닭구이 ,칸지고고 (아이파크몰 동관),
금천구청,동흥관 ,떡볶이랑걸레만두랑 ,강강술래 (시흥점),하남돼지집 (시흥사거리점),호남손팥칼국수 ,더비스킷카페 ,왕게수산 ,은행골 ,채선당 (금천구청점),동네스시집 (시흥동본점),
두정,광명만두 ,미스터초밥 ,오블리비아테 ,샤브애 (천안점),카페1428 ,식빵공방 (두정역점),한끼맛있다 ,마로랑 ,커피바이블 ,왓삼 ,
동암,인생식당 ,초밥 몬스터 ,할매닭한마리 ,육심 (동암점),속초코다리냉면 (인천동암점),할리스커피 (인천동암역점),신토불이 ,사리원 ,아랜역물닭갈비 ,착한보쌈족발 (동암직영점),
동두천,수피자 (동두천점),유정식당 ,이공숯불구이 ,쏘리소 ,,,,,,,
을지로입구,오뗄두스 (광화문점),무교동북어국집 ,이나니와요스케 ,라세느 (서울롯데호텔),부처스컷 (광화문점),부민옥 ,명동고로케 32G (본점),도림 (서울롯데호텔),이니스프리 그린카페 (명동점),위고에빅토르 (롯데백화점 본점),
을지로3가,사랑방칼국수 ,바오차이 ,커피한약방 ,을지면옥 ,만선호프 ,산수갑산 ,동원집 ,도이농 소고기 쌀국수 ,을지오뎅 ,혜민당 ,
을지로4가,커피니 (을지로4가역점),,,,,,,,,,
동대문역사문화공원,장프리고 ,핀스카이 ,평양면옥 (본점),사마르칸트 ,해룡마라룽샤 (2호점),송림 ,파르투내 ,빕스버거 (CJ푸드월드점),에이쓰리 아카이브 ,잘루스 ,
상왕십리,완쌀국수 포완 ,유래회관 ,조개창고 (왕십리본점),컵핑 ,숙성시대 ,왕십리똥돼지 ,카페유전 ,히마와리 ,무한장어 (왕십리점),토상막회 ,
한양대,우동가조쿠 ,가조쿠식당 ,밸런스버거 (한양대점),레드올리브 (파크에비뉴 한양대점),제이스플레이트 ,니뽕내뽕 (한양대파크에비뉴점),빌리엔젤 (엔터식스점),돈돈 (엔터식스한양대점),바르다김선생 (엔터식스 한양대점),자연별곡 (엔터식스 왕십리역점),
뚝섬,다로베 ,빵의정석 ,밀도 (본점),팩피 ,남정네의 작은부엌 ,청죽골식당 ,카페성수 ,하노이102 ,고니스 ,할머니의레시피 (본점),
건대입구,명봉샤브샤브양꼬치 ,최가커피 ,꼬메노 ,칼레오커피로스터스 ,결돈부리 ,해룡마라룽샤 ,화통소금구이 ,매화반점 (본점),Index ,고향양꼬치 ,
구의,청주명문도너츠 ,불난닭발 ,부다페이스 ,먹거리집 ,헤르만쿠키 ,남원골추어탕 ,가장맛있는족발 (구의역점),최가커피 ,도쿄팡야 ,삼백집 (건대점),
강변,도치피자 ,더466키친 ,스시텐 (강변점),어반나이프 ,산골닭갈비 ,민속손국시 ,메차쿠차 (광장점),삼월의양 ,황금손가락초밥 ,참토우 (구의점),
잠실나루,달펍오크그릴플러스펍 ,토도로끼 ,임뻬라또 ,뽀빠이분식 ,사월에보리밥 (잠실점),방콕포차 ,후쿠오카모츠나베 (잠실점),스시 N 모모야마 ,정순함박 ,연어식당 ,
잠실새내,파오파오 ,오징어세상 ,초이스시 ,파오파오 (잠실새내역점),김판조닭강정 (잠실점),큰손닭한마리 ,꼼장군 ,남경막국수 ,수라선 ,늘푸른목장 (잠실직영점),
삼성,중앙해장 ,하동관 (코엑스몰),투뿔등심고담 ,이즈니베이커리 ,클로리스 (코엑스몰점),카페진정성 ,브루클린더버거조인트 (삼성점),테이스팅룸 (코엑스몰),크라이치즈버거 (삼성역점),코나야 (파르나스몰점),
선릉,농민백암순대 (본점),뽕나무쟁이 (본관),몰타참치 ,외고집설렁탕 ,경천애인 2237 (삼성점),마담밍 ,스시산원 ,도쿄등심 (선릉점),최인아책방 ,반룡산 ,
강남,농민백암왕순대 (역삼점),빈브라더스 (강남점),아빠곰수제돈까스 ,로리스더프라임립 ,우동명가기리야마 ,세루리안커피 ,셰막 ,지올리띠 ,낙원타코 ,부처스컷 ,
교대,샘밭막국수 (서울본점),하레 ,보떼가젤라또 ,교대이층집 (교대본점),스시카루 ,탐라도야지 ,귀족족발 ,램하우스 (서초법원점),서초장어타운 ,명동곰돌이 ,
서초,그린고메 ,신숙 ,백화요란골동반 ,서초면옥 (교대본점),루스티크 ,어반나이트 ,소프트리 (서초점),카페라브리 ,양문 ,소연 ,
방배,식목일 ,크리에잇쿠키 (방배점),댓짱돈까스 ,오페라빈로스터스 ,오유니통닭 (방배역점),최고집바지락칼국수 ,지현샤브샤브 ,일도씨닭갈비 (방배점),신미경정통춘천닭갈비 ,오페뜨 (방배점),
사당,티에리스 ,초와밥 ,바른식시골보쌈감자옹심이 (사당별관),페니커피로스터스 ,규스홈 ,민이네식빵 ,본연옛날불고기 ,헬무트 ,깔리 ,전주전집 ,
서울대입구,텐동요츠야 ,두만강샤브샤브 ,차이나당 ,미스리부자아줌마 ,나인온스버거 (본점),아모르미오 ,리버벨 ,뉴욕택시디저트 ,안녕베트남 ,오후의과일 ,
봉천,오목눈이 ,최희성고려왕족발 (본점),낀알로이알로이 ,이태리 상회 ,flasK ,논밭골 ,육진정육식당 ,봉천동진순자김밥 ,그릿커피랩 ,들깨향장수밀 ,
신림,깡통닭갈비 ,신촌황소곱창 (신림직영점),꼬주막 ,마티스커피 ,남고집 (신림점),삼촌네 ,만성양꼬치 ,전주익산 ,십원집 ,또순이순대 (신림본점),
신대방,카페정 ,온정돈까스 (본점),용팔이양꼬치 ,바로브레드 (신대방역점),홍복루 ,라밥 ,신안갯뻘낙지 ,이노찌 ,신안산낙지철판해물 ,5 다이닝 ,
구로디지털단지,말뚝곱창 ,춘자싸롱 ,낭만부대찌개 ,구로곱창 ,이게국수집 ,베나레스 (구로디지털점),에머이 (구로점),갓파스시 (구로점),메이비 ,최우영스시 ,
문래,올드문래 ,양키스 피자 ,쉐프조 ,라크라센타 (문래점),양키스그릴 ,더제이케이키친박스 (문래점),송원마포갈비 ,칸칸엔인연 ,대왕곱창 (문래점),쉼표말랑 ,
영등포구청,코끼리베이글 ,텐진라멘 ,이한스시 ,비스트로루다카야 (본점),한옥집 (양평점),노걸대감자탕가마삼겹 (당산점),더함한우골 ,죽변항해물포차 ,더핸드 ,루다미일식 (본점),
당산,허브족발 (본점),서울초밥 ,욥 ,베이커리옥토버 ,당산옛날곱창 ,선유기지 ,크로미 ,기찻길연탄불생고기 (본점),히어로멘 ,강남 ,
홍대입구,진만두 ,아날로그가든 ,테일러커피 (서교 1호점),리틀모모야 (홍대점),테일러커피 (서교 2호점),아메노히커피점 ,테일러커피 (연남 1호점),사월의물고기 ,17도씨 ,glt젤라또 (본점),
신촌,한림돈가 ,타코로코 (본점),헌치브라운 ,독수리다방 ,완차이 ,초코블로썸 ,통큰갈비 ,씽킹인사이드더박스 ,소신이쏘 ,야바이 ,
이대,티앙팡오후의홍차 ,까이식당 ,비밀 ,리화인와플 ,미스터서왕만두 ,와플잇업 ,후쿠스시 ,더데이지 ,삭 (이대 본점),마더린러베이글 ,
아현,아현닭발 ,파파브레드 ,우리식당 ,미스터브리즈커피 (아현점),늘푸른식당 ,대청마루 ,테라스 ,이오카츠 (아현점),무국식탁 편백집 ,위드브레드 ,
충정로,위드미치코 ,옐로우보울 ,철길떡볶이 ,고릴라 ,충정각 ,양드림식당 ,입장 ,깐부치킨 (충정로역점),깐쪼네 ,더후라이팬 (충정로점),
신답,목포산꽃게아구찜탕 ,엣촌맛고을 ,까페이레 ,나두밥 ,연평도꽃게아구낙지 ,군산아구산꽃게 ,채선당 (답십리점),변산반도고향집 ,옛고을닭한마리 ,카페 파로 ,
도림천,송원마포갈비 ,영일분식 ,등촌샤브칼국수 (문래점),파워식당 ,훔친장어 ,무카이 ,능이버섯백숙 ,대추나무칼국수 ,난봉꾼 ,문래약수터 ,
양천구청,일번지포장마차 ,오르리단팥빵 ,신선설농탕 (목동점),산들해 (목동점),포레스트 카페 ,슈크레동 (목동점),마실 (목동점),굳세어라 청춘이닭 ,신의주찹쌀순대 (양천점),히노야마 ,
신정네거리,살구나무집칼국수 ,황소곱창구이 ,언니김밥 ,미가참숯불갈비 ,황금참치 ,미스터회전초밥왕 ,이가네멧돌빈대떡 ,고을래 (신정점),24시 누름돌 생고기 김치찌개 ,할리스커피 (신정네거리점),
용두,한우통 ,한우마을 ,지니스테이블 ,고기익는마을 ,아리랑식당 ,소들유통 ,한국집식당 ,고기선수촌 (마장점),숯불탁탁 ,대양숯불갈비 ,
까치산,커피볶는곤이네집 ,장금수부대찌개 (까치산역점),다시오는순대국 ,밥맛나는세상 (까치산역점),제주고기국수 ,한수치킨 ,원조양평신내서울해장국 ,스시쇼쿠닌 ,피아띠스파게티전문점 ,이스탄불숯불바베큐 ,
신당,미미국수 ,바오쯔 ,브레드디 ,오챠드1974 ,국수가좋아 ,신당동막내아들네 ,신당동천팥죽 ,마복림원조할머니집떡볶이 ,우정 ,만경식당 ,
성수,자그마치 ,성수족발 ,소문난성수감자탕 ,어니언 ,핑거팁스 ,놀란치킨 ,미즈라 ,원산면옥 ,제주국수 ,Haru & One day ,
잠실,파티세리김영모 (잠실에비뉴엘점),파스퇴르 밀크바 ,도쿄등심 (잠실점),스테이 ,라세느 (롯데호텔월드),르빵 (롯데월드몰점),이성당 (롯데백화점 잠실점),겟썸커피 ,팔라쪼 ,하카다분코 (잠실점),
역삼,카페413프로젝트 ,파티세리바이가루하루 ,육전식당 (4호점),지아니스나폴리 (역삼 본점),크리에잇쿠키 (역삼점),대우부대찌개 ,봉된장 (본점),클로리스 (강남파이낸스센터몰점),진가와 (한국본점),고갯마루집 ,
낙성대,더은교 ,무삥과팟타이 ,차이나당 ,아모르미오 ,쟝블랑제리 ,가빈커피로스터스 ,엘따뻬오 ,푸다기 (낙성대점),김창일스시 ,동네아저씨치킨 ,
대림,카페 이졸레 ,봉선마라탕 ,줘마양다리구이 ,왕기마라향과 ,홍중샤브뷔페 ,채선당 (대림점),귀복루주가 ,대림원조마늘통닭 ,변강성가자미 ,화룽마라룽샤 ,
왕십리,땅코참숯구이 ,팜티진 ,푸줏간생고기점 ,쟈오쯔 (왕십리점),짱고기 ,엽기꼼닭발 ,키커피 컴퍼니 ,뺑드미 ,봉순이네다락방 ,곱창하우스 ,
종합운동장,콩당콩당 ,나폴레옹과자점 (잠실점),대호갈비 ,엘샤다이과자점 ,브레쉬애비뉴 (우성아파트점),왕게수산킹크랩전문점 ,슬로우커피1012 ,스타벅스 (아시아선수촌점),유원 ,선우가 ,
합정,옥동식 ,크레이지카츠 ,카밀로라자네리아 ,오스테리아샘킴 ,포비 (합정점),이치류 (홍대본점),류지 ,야마뜨 ,퓨전선술집 ,오레노라멘 ,
용답,다시올치킨 ,한양촌 ,타이인플레이트 ,다이꼬지 (한양대점),미네스키친 ,카페우유니 ,종점토스트 ,타쿠 ,소문난보배곱창 ,더스토리지 ,
남부터미널,백년옥 (본점),루엘드파리 ,곰포차 ,봉산옥 ,마담버터플라이 ,스시환 ,우작설렁탕 ,목천집 ,고종의아침 ,허수아비돈까스 (서초점),
양재,프릳츠커피컴퍼니 (3호점),임병주산동칼국수 (본점),방파제횟집 ,황재벌 ,크롬바커하우스 (양재점),디오디아 ,국미당 ,타이쇼 ,강촌원조쭈꾸미 ,금강수림 ,
매봉,브라운브레드 (도곡점),마켓오 (도곡점),스타쉐프 ,카페진정성 ,브라운핸즈 (도곡점),DOMA ,부첼라 (매봉점),포브라더스 (도곡점),스시카와 ,도연하다 ,
도곡,김영모과자점 (도곡타워점),바켄 (타워팰리스점),카페톨릭스 ,안남 ,노비아에노비오 ,호수삼계탕 (도곡동직영점),야마모토스시 (도곡동점),하겐다즈 (도곡타워팰리스점),우리네코다리 ,그안 ,
대치,스톤밀 ,파티세리김영모 (대치점),우리네코다리 ,엠브이샤브샤브 ,더브라운 ,봉피양 (대치점),나폴레옹과자점 (대치점),베스타 ,육판장 ,사월에보리밥 (대치점),
대청,서평기사식당 ,어셈블리커피 ,카페알케미 ,서울고로케 ,비첼 ,본가 (일원점),치어스 (일원점),나나 (본점),카페인더무드 ,청송일식 ,
일원,아티제 (일원점),치어스 (일원점),나나 (본점),초원양꼬치 ,돈우마루 ,복대감 ,교토참치 ,개성칡냉면 ,사또양념치킨 ,제주탐하리 ,
수서,하남돼지집 (수서역점),슈퍼커피 (수서점),포메인 (수서점),제주몬트락 (수서직영점),깐부치킨 (수서역점),203 갈비해물집 ,59년왕십리포차 ,구찌라쿠 ,애란궁 ,조선면옥 ,
가락시장,쌜모네키친 ,파란달의 커피볶는집 ,함경도찹쌀순대 ,킹카롱 ,씨앤모아 (송파점),진성한우곱창 (가락시장점),금바위감자탕 ,화포식당 (가락점),유타로 (가락점),설빙 (가락시장역점),
경찰병원,홍종흔베이커리 ,가락골마산아구찜 ,착한낙지 (송파점),한락원 ,일로스페인 ,아사네커피 ,선궁 (가락점),캄더커피랩 ,프랭크서울 (경찰병원역점),백년교동짬뽕 (송파점),
오금,프롬더빈 ,윤화돈까스 (오금직영점),스시바오 ,부산복집 (오금동점),영사미 ,커피앰비언스 ,독천낙지골 ,멘카야 ,오누이손만두 ,고향산천 ,
지축,구파발,스프링그린 ,안스베이커리 (롯데몰 은평),채선당 (은평뉴타운점),HUGA ,바른스시 (롯데몰 은평점),수수가든카페 (롯데몰 은평),캘리포니아피자키친 (롯데몰 은평),면채반 (롯데몰 은평),중식당 청화당 (롯데몰 은평),도레도레 (롯데몰 은평)
연신내,코피티암 ,불오징어집 ,커피볶는고양이 ,세이지 ,보들이족발 ,수정불막창 ,목노집 ,호박 ,카도야라멘 ,H3 비스트로 ,
불광,허니돈 ,중화원 ,불광떡집 ,종로떡집 ,테루 ,강용구족발보쌈 (본점),만선 ,술집타디스 ,호야네 양꼬치 ,반궁 (NC백화점불광점),
녹번,부자냉면부자만두 (녹번점),우주미 ,모두와돈까스 ,서부감자국 ,경복궁 (녹번점),오니기리와이규동 (은평구청점),59년옛날통닭 ,쌀국수마을420 ,녹번꼼장어 ,장충당 (녹번점),
홍제,하이드미플리즈 ,주재근베이커리 ,산천마루 ,프론토 ,3호선차이나 ,창신동매운족발 ,월출산생오리전문점 ,왕봉24시해장국 ,즉석우동국수(골목집) ,골목스푼 ,
무악재,동보성 ,무악해물찜탕 ,한도올 ,마네키 ,오케이치킨 (홍제점),민영이네 ,포메인 (홍제점),우치노마치 초밥 ,일품향 ,왕십리곱창천하 ,
독립문,대성집 ,달인꽈배기 ,원조떡볶이 ,엄마김밥 ,돈박 ,메콩싸롱 ,참나라 (독립문점),피자리또 ,파파존스피자 (독립문점),영천 떡볶이 ,
충무로,사랑방칼국수 ,다시열린하얀집 ,동대닭한마리 ,필동면옥 ,충무로쭈꾸미불고기 ,파스타노 ,파스타마켓 ,반반국수 ,이태리식당 ,딸깍발이 ,
동대입구,더파크뷰 (서울신라호텔),더라이브러리 (서울신라호텔),아리아께 ,평안도족발집 ,패스트리부티크 ,팔선 (서울신라호텔),태극당 ,도치피자 (장충점),말뚜기족발보쌈 ,송림 ,
금호,투떰즈업 ,귀일만두 ,목화다방 ,도네누 (금호점),일미향 ,춘풍월 (금호점),메그엔스튜디오 ,태오커피 ,돼지미학 ,베쌀집 ,
옥수,더코너키친 ,아니스 ,일품생고기 ,모찌모찌 ,알프키친 ,심플십 ,한남일류초밥 ,항구도시연구소 ,부부요리단1탄 제주흑돼지갑오징어 ,이스파이 ,
압구정,노아베이커리 (압구정점),로이스 (압구정점),씨네드쉐프 (압구정점),포도식당 ,일일향 (1호점),키라메쿠텐동 (현대백화점 압구정본점),고물 (현대백화점 압구정점),몽슈슈 (현대백화점 압구정점),하니앤손스 (현대백화점 압구정점),메이드 ,
신사,쁠로13 ,가티 ,굴드커피 로스터스 ,한성돈까스 ,닭한마리감자탕 ,램쿡 ,수수커피 (가로수길점),목포집 (1호점),신사소곱창 ,신사양꼬치 ,
고속터미널,베이크치즈타르트 (신세계백화점 강남점),RAPL ,쟈니로켓 (신세계백화점 강남점),몽샹82 ,젤라띠젤라띠 (파미에스테이션),하트타임 ,살바토레쿠오모 (신세계백화점 강남점),호경전 (신세계백화점 강남점),딘앤델루카 (신세계백화점 강남점),데블스도어 (파미에가든),
원당,원당대박순대국 ,플레이스205 ,황인호의원당수제고로케 (원당본점),진땡이 (신원당점),벙개막창 (원당점),불곱창시즌1 ,커즌비 병맛커피 ,오사카탕수육 ,스시619 ,묵호수산횟집 ,
백석,윤선희의평양냉면 양각도 ,메이앤슈가 ,모란각 (일산점),519브런치룸 ,만뽀 ,삿뽀로  (백석점),제이스버거 (본점),카페베르 (고양터미널점),비 데어 ,장수토종삼계탕 ,
마두,군원 ,심플리브레드 ,대동관 ,애슐리 (뉴코아아울렛 일산점),아사히 ,티파니레스토랑 ,서울황소곱창 ,해물촌조개구이 ,미참치 ,토오루 ,
주엽,스모스시 (본점),브레드앤밀 ,오향선 (본점),원조쌈밥집 (주엽점),오크셔 통돼지철판 ,오떡 (주엽점),샐러드트리 (일산점),카페비앤유 ,미소야 (일산주엽역점),밀탑 (현대백화점 킨텍스점),
대화,서동관 ,을밀대 (일산점),슈라즈케이크 ,남궁 (본점),육대장 (일산대화점),황금똥빵 (본점),트리플제이 ,더 트러플 ,가야밀면 ,쭈문진 ,
원흥,리스토어 커피 ,커피작법 ,장가계 ,드웰디자인카페 ,송스키친 ,하루애 ,꼬뜨블렁쉬 ,셰프들의수다 ,불타는꿀꿀이 ,비엔나커피하우스 (원흥역점),
삼송,아드망 ,불타는소금구이 ,홍능갈비 ,호치킨 (고양삼송역점),홍천산마치고개닭갈비 ,미스터꼬끼오 ,김민철수제족발 ,고향칼국수 ,대원갈비 ,오가네 ,
대곡,원기보신탕 ,지향한우마을 ,가야고기 ,,,,,,,,
정발산,더아이스크림앤모어 (일산웨스턴돔점),카페소비 ,포폴로 피자 ,터치아프리카 ,지느러미 ,레오네 ,자연초밥 ,로얄인디아 (라페스타점),노천드럼통 (일산본점),착한곱창 ,
경복궁,폴앤폴리나 (광화문점),오가와 ,파네트크루아상팩토리 ,광화문오향족발 ,서촌김씨 ,에버델리 ,서촌계단집 ,빚짜 ,누하동 주스바 ,영화루(공사중) ,
안국,깡통만두 ,브라세리인스페이스 ,비엣꽌 ,자작나무이야기 ,프릳츠커피컴퍼니 (2호점),안국 153 ,정선할매곤드레밥 ,스토9 ,한가네불고기 ,레이어드 ,
약수,만포막국수 ,진남포면옥 ,약수순대국 ,하이디하우스 (1호점),토리아에즈 ,화수분베이커리 ,장다리 ,리사르커피로스터스 ,커피공장 ,빵굼터 ,
잠원,거목정육식당 ,킹콩커피 ,제이에스가든 (잠원점),사또치킨 ,잠원떡볶이 ,세븐스프링스 (잠원점),취향 ,아티제 (잠원 파스텔점),매드포갈릭 (잠원점),아리수포차 ,
학여울,진지방순대국 (대치점),다낭월남쌈 ,메밀랑 ,남경반점 ,미소야 (대치점),스타벅스 (학여울점),을지로골뱅이 ,안준수곤드레밥 ,목우촌 (대치점),,
화정,크림디저트샵 ,화정족발 (본점),민쿡다시마 ,스시메이진 ,라라코스트 (화정점),쿠우쿠우 (화정점),육쌈냉면 (화정점),원조쌈밥집 (화정역점),부추곱창 (일산점),민쿡의080부대찌개 ,
당고개,우리집곱창 ,고기촌수라상 ,엄마손칼국수 ,신통치킨 (당고개점),당고개아구찜 ,원조솥뚜껑생삼겹살 ,마들사철탕 ,옛날맛순대국 ,춘천골닭갈비 ,육갑촌 ,
상계,돈까스먹는용만이 ,노걸대감자탕가마삼겹 (노원점),사카나 ,채선당 (중계점),송화강식당 ,도리연닭도리탕 ,홍화불닭 ,전씨네선술집 ,봉평메밀막국수 ,시골순대 (상계점),
노원,시드누아 (노원본점),마쯔무라돈까스 (노원역점),구법원 ,노원목고기집 ,털보고된이 ,E9선생 ,쯔이코 ,디저트카페바미 ,핏짜굽는언니 (노원역점),이자카야모리 ,
쌍문,가배미혼 ,노말키친 ,쌍문역파스타 ,동적불고기 (1호점),쌍문동판다쓰 ,스시혼 ,스시화 ,산사로 ,곰파곰파의 뜨라또리아 ,라스커피 ,
수유,플레이버 ,귀품찬 ,피디스 ,라보엠 ,페넬로페 ,스시도리 (수유점),상미규카츠 ,석관동떡볶이 (수유점),유리갈비 ,정스시 ,
미아,카페로니 ,어니언 ,짱곱창 ,태릉솔밭갈비 ,우이동 멸치국수 ,와겐커피 (본점),고향산천 ,스시광 ,마루벌돌구이 (미아점),청양육개장 (미아직영점),
미아사거리,벤투라커피로스터스 ,토다이 (미아점),일도씨닭갈비 (미아점),장수감자탕 ,왕빈자삼파전 (본점),제일분식 ,한잔 ,키쉬미뇽 ,삼덕식당 ,일미집 ,
길음,불난집 ,채선당 (길음점),갈비명가이상 ,갈비명가이상 (돈암본점),길음동 스마일 명품 찹쌀 꽈배기 ,난이네곱창 ,복돼지마을 ,초밥특공대 ,하나둘둘셋 ,사이야 (길음역점),
한성대입구,휘스커 ,돈가래 ,나폴레옹과자점 ,하단 ,목바 ,국시집 ,꿀맛식당 (본점),옛날중국집 ,스시산 ,시노다야이자카야 ,
혜화,믹스앤몰트 ,정돈 ,카페키이로 ,독일주택 ,명륜건강원 ,블루룸 ,깔리 ,나누미떡볶이 ,은행골초밥 ,호호식당 ,
명동,보버라운지 ,란주칼면 ,명동영양센터 ,배터리파크 (명동점),루프탑바플로팅 ,주유별장 (명동점),명동피자 ,금산제면소 ,호미빙 (명동본점),프리모바치오바치 (명동2호점),
회현,비스테카 (신세계백화점 본점 신관),은호식당 (본점),크레마디몬타냐 (신세계백화점 본점 신관),가메골손왕만두 ,닭진미강원집 (본점),막내회집 ,로이즈 (신세계백화점 본점 신관),베키아에누보 (신세계백화점 본점),카페 피크닉 ,왕대박지지미촌 ,
삼각지,현선이네 (본점),야스노야 (신용산점),현대본가 ,삼각정 ,시후쿠 (1호점),명화원 ,원대구탕 ,카페시도 ,한강집 ,대원식당 ,
신용산,북천 ,현선이네 (본점),야스노야 (신용산점),카페알토 바이 밀도 ,일일향 ,기차길옆초밥 ,하나야 ,컴컴베이커리 ,현선이네 (신용산점),모나미카레 ,
이촌,동빙고 ,스즈란테이 ,헬카페 스피리터스 ,소바야청담 ,아지겐 (본점),미나미 ,하프파스트텐 ,솔낭구 ,와세다야 (이촌본점),국화 (동부이촌점),
동작,카페람베리 ,기꾸 ,커피프레지던트 ,카페꼰띠고 (방배점),봇타야산 ,치뽈라 ,닥터로빈 ,롤링핀 (방배점),파크루안 ,개미식당 ,
총신대입구(이수),,,,,,,,,,,
남태령,,,,,,,,,,,
대공원,마리아정 레시피 ,브라운그릴 ,낙지먹자 ,대공원 포도밭 ,,,,,,,
과천,행복찹쌀떡 (과천점),홈스테이크 ,아지트 ,우리떡방앗간 ,오성감자탕 ,바니양념치킨 ,떡고을 ,관악식당 ,순대나라 ,티투 ,
인덕원,하와이식당 ,김밥과스파게티 ,프라비다 ,콩나물해장국 ,오성양꼬치 ,성신반점 인덕원양꼬치 ,홍운각 ,남부식당 ,이대감우리소 ,갓플레이스 ,
평촌,라멘 키분 ,철든놈 (범계점),쿠마 ,와플블래스 (범계점),한스케익 (평촌점),보메비체 ,부추삼겹살 ,마초쉐프 ,매드포갈릭 (안양 범계점),아웃닭 (범계점),
산본,카페더치즈케이크 ,만들기 전문점 ,비비스토리 ,산쪼메 (산본점),옥상식당 ,커피볶는집마실 ,더식당 ,크래프트한스 (산본점),긴자 ,교동전선생 (군포산본점),
대야미,봉평메밀막국수 ,유가네들깨수제비 ,착한고기 (대야미점),군포농장보신정 ,솔향기 ,에벤에셀분식나라 ,낙원떡방앗간 ,피자스쿨 ,청학골도야지 ,만나와메추라기 ,
상록수,전주콩나물국밥 콩나물낙지볶음 ,왕손쌈밥 ,이동닭한마리칼국수 ,좋은아침PASTRY (안산점),명품쭈꾸미 ,오늘도숯불화덕구이 ,동산떡집 ,깐부치킨 (상록수역점),시골우렁쌈밥 ,서현닭발 ,
중앙,쉬림프라운 ,지수사 ,서가앤쿡 (안산중앙점),써니데이서비스 ,라라코스트 (안산중앙점),돈돈 (안산점),신선설농탕 (안산점),할리비어 (안산고잔점),토레로 ,메종드케이크 ,
고잔,쉐프스라운지 ,로맨틱스탠다드 ,아오모리 ,김제한우 ,알페인 ,염대감나주곰탕 ,더미디움 ,진성관 (안산점),뮤트라운지 ,이윤정의낙지한마리수제비와보쌈 (고잔점),
안산,베트남고향식당 ,소담떡 ,팟타이 ,뉴타지마할 ,수왈레스토랑 ,늘푸른집 ,도일로60.15 ,칸티푸르레스토랑 ,뚱보꼬치 ,사마리칸트 ,
신길온천,늘푸른집 ,여자말을잘듣자 ,도일로60.15 ,한짬뽕 (신길점),한우리농장 ,하오란짬뽕 ,청룡관 ,대가떡집 ,쭈노떡볶이 (거모점),복성순대국 ,
오이도,송이족발 ,미래복아구찜 ,남경관 ,신마포갈매기 (시화세종점),맘스터치 (시화신도시점),한스델리 (시흥세종점),낙원복떡집 ,씨사이드레스토랑 ,이바돔감자탕 (세종점),어부와바다 ,
수리산,피자몰 (산본점),돌로미티아이스크림 (산본점),더카페 (뉴코아아울렛 산본점),,,,,,,,
성신여대입구,태조감자국 ,버거파크 ,애정마라샹궈 (1호점),메종드루즈 ,제순식당 ,백두산양꼬치구이 ,갱상도갱양식 ,본크레페 (성신여대점),쓰리로보스 ,태조감자국 (성신여대점),
숙대입구,스티키리키 ,구복만두 ,막걸리담 ,림벅와플 ,야사시키친 ,때가이르매 ,후디구디 ,서지스테이크 ,다스티 N Y ,까치네 ,
선바위,엘올리보 ,오페뜨 ,선바위메밀장터 ,카페아제타 ,뒷골면옥 ,신가네광양불고기 ,소토보체 ,카페그레아틀리에 ,논현김밥 ,,
경마공원,봉덕칼국수 ,동다송 ,뽕잎마루 (과천점),경마장오리집 ,함지가든 ,내고향가마솥 ,,,,,
정부과천청사,프롬더어스 ,라온식탁 ,셀에수크레 (본점),코삐 ,메콩타이 (과천점),오븐에빠진닭 (과천점),사보텐 (과천점),홍샤오 ,닐리 (별양점),플로라 ,
범계,카페디쉬 ,라멘 키분 ,티라펠리체 (롯데백화점 평촌),철든놈 (범계점),팔덕식당 ,건강담은 ,서가앤쿡 (안양범계점),통통이불족발 ,어스키친 ,와플블래스 (범계점),
반월,최정민낙지마당 ,일보스코 ,포청천 ,대성각 ,카페포레스트 ,산들애 ,장어가 ,골목집 ,피자필 ,엄청난회집 ,
한대앞,에비수 ,포지타노 ,브라운돈까스 (한양대ERICA점),포냐향 ,행복한 커피&다이닝 ,뜨락 ,취해 ,좋은아침과자점 ,이동닭한마리칼국수 ,Tarte Blossom ,
초지,소담떡 ,우성생고기 ,미림떡집 ,엄지천년교동짬뽕 ,송주불냉면 ,시월애 ,신토불이두부마을 ,만리장성 ,느티나무 ,황후 ,
정왕,후레쉬 초이스 ,살찌는케이크 ,스시오야붕 ,자금성 ,의리치킨 (3호점),신전떡볶이 (시흥정왕점),어묵마을 ,맹구분식 (시흥점),즐겨찾기 ,양푼이갈비찜 ,
방화,고성막국수 ,사모님짬뽕 ,정겨운오뎅집 (방화역점),신촌기사식당 ,더 팬 1913 ,밥으로 맺은 정 ,티아마트 ,서천영양탕 ,동화마을잔칫날 (직영1호점),원조이모포장마차 ,
개화산,원조나주곰탕 ,더웨스트햄릿 ,채선당 (방화점),알볼로 (방화점),콩두 (방화점),육손곱창전골 ,오주방 ,서울양대창 ,허니힐베이커리 ,대원각 ,
김포공항,리틀사이공 (김포공항점),파스퇴르 밀크바 ,헤븐온탑 (김포공항점),안스베이커리 (롯데백화점 김포공항점),사이드쇼 (롯데몰김포공항점),코코이찌방야 (롯데몰 김포공항점),딘타이펑 (롯데백화점 김포공항점),폴바셋 (롯데백화점 김포공항점),사보텐 (롯데백화점 김포공항점),프리가프리미엄 (롯데백화점 김포공항점),
마곡,르헤브드베베 ,카이조쿠 ,카페 콜럼버스 ,카페움플레이트 ,순수커피 ,한우정곰탕 ,규스커피 ,스타벅스 (마곡지엠지점),커피베이 ,브런치팩토리 ,
발산,발산삼계탕 ,백두한우곱창 ,광주똑순이 (본점),더블랙 ,강릉엄지네꼬막집 ,스즈란테이 ,유메스시 ,부부칼국수만두 ,배꼽집 ,맛찬들왕소금구이 (발산점),
우장산,파란리본고양이 ,육화몽 (우장산역점),아이엠키친 ,충북식당 ,미소야 (우장산역점),순희네빈대떡 (우장산역점),준스시 ,메밀이랑면이랑 ,봉평이네메밀막국수 ,메가커피 ,
화곡,맛거리 ,자연과함께한칼국수 ,기와스시 ,라라코스트 (화곡역 메가스퀘어점),오재영스시 ,메리하하 ,참한아구 ,스테이크레이브 (화곡점),일층집부대찌개 ,오남매닭갈비 ,
신정,파티세리소나 ,황금오리농장 ,황소곱창구이 ,초가집부뚜막청국장 (신정동 직영점),본차이나 ,봉평막국수 ,두원집 ,카페쿤츠 ,스타벅스 (신정DT점),서라벌한정식 ,
목동,아모르버터 ,에페커피 ,신세카이 ,한스 (목동점),옛날마차 ,연어&멘 ,죠스떡볶이 (목동역점),서가앤쿡 ,달달애 ,도네누 (목동오거리점),
오목교,푸오꼬 ,일미락 (목동점),오목집 (목동점),라고파스타 ,스시쇼 ,닥터로빈 (목동점),카페마마스 (현대백화점 목동점 U-Flex),스시다마 ,에프스토리 ,임꺽정김치찌개 ,
여의나루,영원식당 ,하쯔호 ,에릭케제르 ,워킹온더클라우드 (63빌딩점),63뷔페 파빌리온 ,슈치쿠 (63빌딩점),고메브레드 ,백리향 (63빌딩점),희정식당 ,브레드05 ,
마포,핑하오 ,알토브레드 ,프릳츠커피컴퍼니 (1호점),조박집 ,산동만두 ,역전회관 (본점),갈스시 ,원마산아구찜 ,치킨혁명 ,이요이요스시 (2호점),
공덕,정대포 ,정미 (본점),문스타파 ,양지설렁탕 ,무삼면옥 ,하하 (공덕점),청년장사꾼감자집 (4호점),탑클라우드23 ,굴다리식당 (본관),신성각 ,
애오개,황금콩밭 ,아현동간장게장 ,송백부대찌개 ,하오밍 ,태복 ,행화탕 ,메이탄 ,치킨처럼 (아현점),군계일닭 (애오개점),올어바웃카페 ,
서대문,루소랩 (정동점),더스푼 ,서대문족발 ,물뛴다 ,카페마마스 (서소문점),끼아로젤라떼리아 ,띵스체인지 ,허수아비돈까스 (정동점),비스테이크 ,한옥집 (서대문본점),
광화문,폴앤폴리나 (광화문점),오뗄두스 (광화문점),찰스에이치 ,더미 (광화문 본점),오가와 ,파네트크루아상팩토리 ,광화문오향족발 ,포비 ,부처스컷 (광화문점),힐사이드테이블 ,
청구,녹동뻘낙지 ,하이가쯔 ,스담 ,원조짜장떡볶이 ,마네키네코 ,전주순대국 ,시골청국장 ,하누에뜰 ,다루다 ,이화원 ,
신금호,금호불고기 ,운비족발 ,곤드레쌈밥집 (금호점),홍짜장 (신금호역점),상주한우 ,닭한마리칼국수 ,신금호떡집 ,홍스쭈꾸미 (신금호점),호치킨 (신금호역점),해물명가 ,
행당,닌자초밥 (행당점),행당개인카페 ,깐부치킨 (행당역점),다슬이네 ,청춘극장 ,만두전빵 ,신사 ,오코노미야끼 ,강정구의피자생각 (성동점),짬뽕상회 (행당점),
마장,목포산꽃게아구찜탕 ,한우고향 ,화로구이 (마장점),연평도꽃게아구낙지 ,군산아구산꽃게 ,심가네한우고집 ,삼포집 (마장역점),네네치킨 (한양점),황귀닭곰탕마장 (본점),마장감자탕 ,
장한평,대한닭발1979 ,스시긴 ,디어테이블 ,일미간장게장 ,장안정 ,짬뽕타운 24시 ,고봉민김밥인 (장안점),양대창구이전문점 왕십리 ,로이앤벨라 ,항방양육관 ,
군자,이이요 ,초이고야 ,LAB41 ,리틀톡스커피 ,대한곱창 (군자점),라멘미세 ,카페래디언트 ,피자컴퍼니 ,마리모 ,바나나토크 ,
아차산,아차산할아버지 ,소바쿠 ,시드누아 (중곡점),신토불이떡볶이 ,김병진베이커리 ,메종드타르트 (본점),순금이떡볶이 ,안다즈커피 ,망향비빔국수 (광진점),스시산 ,
천호,블랑제리 11 17 ,아키노유키 (본점),쭈꾸쭈꾸쭈꾸미 (본점),보타이 ,족발선생 ,영춘똥꼬닭발 (천호본점),비스트로메타포(공사중) ,천호쭈꾸미 ,미니회바 ,강동KD 부대찌개나눔터 ,
강동,율베이커리 ,모범떡볶이와수제돈까스 (길동점),오페뜨 (강동역점),오형제손짜장마을 (강동점),한촌설렁탕 (강동점),깐부치킨 (길동점),강동호치민 ,하람김밥 ,한신포차 (길동점),치어스 (강동역점),
길동,외계인커피 ,유나미네즉석떡볶이 ,깐부치킨 (길동점),베프상회 ,한신포차 (길동점),모리식당 ,서울커리 ,요술 ,빈터커피로스터스 ,영화정해장국 ,
명일,테마라면 ,명일원조닭발 ,비바폴로 (열매점),등촌샤브칼국수 (명일점),원조쌈밥집 (명일점),치어스 (명일점),꾸러기분식 ,브레드앤밀 ,마포갈비 ,Mul Bar ,
고덕,메콩타이 (고덕역점),깐부치킨 (고덕역점),카모메 (고덕역점),농협안심한우 (고덕역점),빕스 (고덕역점),스푼더마켓 (고덕역점),신의주찹쌀순대 (고덕역점),놀부부대찌개&철판구이 (고덕역점),피쉬앤그릴 (고덕역점),,
둔촌동,카쿠 ,백년화편 ,온온 ,제주아줌마집 ,피에로커피 ,휘스펍 ,오또상키친 ,다빈치벡터파크 ,카페메종드한 ,에이컷스테이크 (올림픽공원점),
방이,썸씽에스프레소 ,봉피양 (방이점),스타쉐프 바이 후남 (방이점),포유티 ,큐스시 ,농부의꿈 ,벽제갈비 (방이본점),뽀르타블루 ,프로퍼커피바 ,금왕평양면옥 ,
개롱,단풍애김밥 (개롱역점),신서방부대고기 ,연화산 (개롱점),본죽 (개농역점),죠스떡볶이 (개롱역점),커피볶는집애즈 ,비트윈옐로우 ,알레아파리 (본점),데브짱 ,정스시 ,
거여,동촌보리밥돈까스 ,채선당 (거여점),인키친 ,베트남쌀국수 ,딱좋아 ,뮤지키사운드 ,양곱막 ,김씨네명가국수 & 불냉면 ,은혜곱창 ,금봉족발 ,
송정,라이차이 ,공항칼국수 ,항우포차 ,황금오리농장 ,공항닭발 (본점),로얄 스테이크하우스 앤 피자 ,김용기과자점 ,장군주먹고기 ,해운대복집 ,들녘 ,
양평,시즌커피앤베이크 ,딜런스테이블 ,개성손만두 ,진콩나물국밥 ,수삼겹살맛집 (영등포1호점),형제해장 ,쿠우쿠우 (오목교점),덕일집 ,MACKAY ,장터참숯무한리필 ,
영등포시장,맘마쿡 ,정석참치 ,초밥오타루 ,신선설농탕 (영등포점),동방미식성 ,미스앤미스터포테이토 (영등포뉴타운점),디톡시 ,하니앤손스 ,도화원 ,해피데이 ,
상일동,요인요아웃 ,아티제 (상일 GEC점),테리스버거앤베니에 ,하남 한돈 ,상일정육식당 ,더두툼생고기 ,어창수산 ,오군테이 ,송화의카페 ,양선생 ,
여의도,도쿄등심블루 (여의도점),폴앤폴리나 (여의도점),바스버거 (여의도점),신원 ,오케이버거 ,피그인더가든 ,올라6 (파크센터점),삼거리푸줏간 Blue (YG 리퍼블리크 IFC점),송추가마골인어반 ,진주집 ,
답십리,인우초밥 ,성천막국수 ,일광쪽갈비 ,늘봄 해물찜 & 손칼국수 (답십리점),갈비명가이상 ,퍼102 ,칠오구의집 (답십리점),엄나무집 ,커피그라운즈 ,속초붉은대게 ,
광나루,본누벨과자점 ,커피점빵 ,베이커리구스토 ,스시토푸 ,광나루순대 ,신선설농탕 (광나루역점),삼통치킨 (광나루역점),나미 ,대관령감자탕 ,스시히로바미니 ,
굽은다리,프언타이 ,엘리펀트커피 ,청년다방 (서울천호점),엘레나가든 (강동점),으뜸횟집 ,호우스시 ,가인채 (홈플러스강동점),할매집순대국 ,산수고원 ,카페햅시바 ,
올림픽공원,오륜브레드 ,파리크라상 (올림픽점),계절밥상 (올림픽공원점),제일제면소 (올림픽공원점),비스트로 오르소 ,더한스아리아 ,다랑손칼국수 ,단풍애김밥 (올림픽공원역점),해림식당 ,할리스커피 (올림픽 프라자점),
마천,하나로황제짜장 ,코바코 (마천점),프라브 ,바니치킨 ,카페298 ,맛나닭가마솥치킨 ,우돈가네맛구이 ,시즌티 ,소육옥 ,종로닭한마리 ,
마포구청,어글리베이커리 ,빙하의별 (본점),청어람곱창전골 (본점),망원동내커피 ,오늘의 위로 ,족발귀신 (본점),델리하노이 ,상도다방 ,만나식당 ,순대일번지 ,
망원,당도 ,키오스크 ,복덕방 ,경기떡집 ,미자카야 ,라멘베라보 ,딥블루레이크커피 ,카페톤 ,오라방 ,프롬하노이 ,
상수,듁스커피 ,겐지 (본점),스시시로 ,맛이차이나 ,뭄알로이 ,몬비엣 ,히데미 ,구스토타코 (상수점),비스트로 달고나 ,유니크스윗(휴업중) ,
대흥,피자스쿨 (대흥역점),신마포갈매기 (대흥역점),스타벅스 (서강대흥역점),죠스떡볶이 (대흥역점),,,,,,,
효창공원앞,우스블랑 (1호점),아성빈대떡 ,다과상사 ,용문해장국 ,마다가스카르 ,산골녹차냉면 ,투다리 (효창점),한성옥 ,용호야채곱창 ,돈치앤 ,
이태원,호머 (본점),라플랑끄 ,플랜트 (1호점),챔프커피 (2작업실),브라이리퍼블릭 (이태원점),매덕스피자 (본점),트렌치타운 ,하시엔다 (본점),코니크 ,플랜트 (2호점),
한강진,탭퍼블릭 ,아방뮤제 ,울프소셜클럽 ,Happy Sexy Enjoy ,라페름 ,마렘마트라토리아 ,피에 (본점),파르크 ,루틴 ,루트 ,
버티고개,오메가3삼계탕 (버티고개역점),,,,,,,,,,
창신,깃대봉냉면 (본점),궁나라냉면묵밥 ,쌍용반점 ,코리안덕 (창신점),국수나무 (창신점),동문각 ,BBQ치킨 ,닌자초밥 (동묘점),혜성칼국수 ,낙산고을 ,
보문,카페플러터 ,비나케이크 ,바룩베이커리 ,안동반점 ,한상차림밥상 ,달콤퐁당 ,카페 아무흐 ,라운드테이블 ,마온 ,오모테산도 ,
고려대,나그네파전 (고려대점),코케코코 ,비나 ,카페뚜이 ,카페브레송 ,중국관 ,고래돈가스 ,더테이블 ,라망 ,자스민 ,
상월곡,공복 ,카페잇 ,치킨클럽 (동덕여대점),화덕과베토벤 ,바이트미 ,쌈촌 (석관점),메밀촌 (상월곡동지점),구운몽 ,피자가기가막혀 ,센 ,
태릉입구,제일콩집 ,참Soup ,브레드스팟 ,하노이별 ,소문난멸치국수 ,닭한마리 (공릉본점),던모스 ,빛나는바다 (묵동점),표준커피 ,진라멘 ,
화랑대,브로이하우스바네하임 ,브레드스팟 ,BHC치킨 (공릉 중앙점),던모스 ,표준커피 ,달콤한순간 ,치어스 (화랑대역점),박가네낙지한마리 ,서서떡볶이 (화랑대역점),저스트두잇 버거앤치킨 ,
응암,옥토끼 제면소 ,뚜띠쿠치나 (응암점),치어스 (응암역점),옛집흑돼지촌 ,큰맘할매순대국 (응암역점),맛깔참죽 & 나누미떡볶이 ,스시냥 ,불티나손만두 (본점),단골구함 ,제주아방 ,
역촌,두메골돌솥쌈밥 ,일품간장게장 ,제주도그릴 (본점),이가네가마솥설렁탕 ,바로전집 ,섬진강참숯민물장어 ,역촌왕돈까스 ,쿠아레 비 ,충무로 감자탕 ,월남선생 (역촌역점),
구산,만포면옥 ,노비어노라이프 ,봉추찜닭 (은평점),산너머남촌 (갈현점),카페 달력 ,나무자전거 ,코스모스분식 ,드럼통라갈비 ,슬러프커피 ,윈첼지리산생고기 ,
새절,한나식빵 ,마마수제만두 ,카페 아사 ,칠성포차 (응암점),시골감자국 ,다리원 (증산동점),우드사이드커피 ,다정한망각 ,국민반점 ,알오삼계탕 ,
증산,파리바게뜨 (증산역점),치치 (증산역점),,,,,,,,,
월드컵경기장,트라토리아 몰토 ,오늘의 위로 ,족발귀신 (본점),델리하노이 ,골든핸즈라운지 ,스시키노이 ,성산왕갈비 ,만나식당 ,김영섭초밥 ,태백국물닭갈비 (마포본점),
월곡,샐러드프린세스 ,공복 ,카페어바웃 ,Mssg ,카페잇 ,치킨클럽 (동덕여대점),오징어한마리매운떡볶이 (동덕여대점),누들아한타이 ,착한짬뽕 더 착한탕수육 ,화덕과베토벤 ,
독바위,커피시네마 ,대로부속집 ,독바위바지락칼국수 ,올떡볶이 (불광점),제주돈창고 ,하하호호족발 ,수연떡방앗간 ,한앤둘 (독바위점),마성의족발 ,,
디지털미디어시티,트라토리아 몰토 ,상암일미락 ,카페모임 ,스시키노이 ,피슈마라홍탕 ,김영섭초밥 ,모리타 ,더브래드팬트리 ,월화고기 ,서동한우 (상암점),
광흥창,치킨뱅이 (광흥창역점),스타벅스 (서강광흥창역점),뚜레쥬르 (광흥창역점),네네치킨 (광흥창역점),빚은 (광흥창역점),내고향왕만두 (광흥창역점),,,,,
녹사평,바오바 ,플랜트 (1호점),브라이리퍼블릭 (이태원점),커피라이터 ,찬스브로스 (2호점),코니크 ,사우스사이드팔러 ,매니멀스모크하우스 ,노리테이블 ,왕타이 ,
안암,디어브레드 (고대점),고른햇살 ,프로마치 ,용초수 ,샐러데이 ,하트카페 ,더베리와플 ,오샬 ,정상호프 ,와플앨리 (2호점),
돌곶이,시저지 ,이웃사촌 ,석관시장떡볶이 ,모구모구 ,성가네낙지마을 (석관점),패티앤빅왕돈가스 ,셀렉토커피 (돌곶이역스타점),태성식당 ,대게축제 ,세븐돈까스김밥 ,
봉화산,육부단 ,Mr왕 ,토리자까나 ,어썸커피 ,데일리파크 ,스시차이 ,봉화산커피 ,낙지방 (봉화산점),봉평막국수 ,유정집 ,
장암,해물이네 ,수락산숯불닭갈비 ,우리나라 (본점),장암골 ,장재울토종순대국 ,,,,,,
수락산,강강술래 (상계점),채선당 (수락산점),가재골수제비 ,수락산풍천민물장어 ,다찜 (수락점),수락산참치 ,비와별닭갈비 (수락산역점),카페 플로렌스 ,최가스시 ,봉평산골메밀촌 ,
마들,55닭갈비 ,신의주찹쌀순대 (마들역점),올리볼렌 (노원점),엘리제과자점 ,종로떡집 ,고향마을 ,궁중명가 ,행복한밀가루 ,치킨마루 (마들점),내사랑족발 ,
중계,돈부리 ,총각네곱창가게 ,삼청동궁물떡복이 (노원점),맥시칸 (중계점),챠이몽 ,명품해물찜칼국수 ,옛촌칡냉면 ,메이탄 (상계점),플루토 ,영동돈까스 (노원점),
하계,짬뽕필락 ,버거톤 ,스시준 ,달밭소곱창 ,매일파스타 ,하나샤브샤브 ,토다이 ,치어스 (중계2동점),아리가또맘마 (중계홈플러스점),신고집찜칼국수 ,
공릉,아고라커피 ,생선까시 ,공릉우동집 ,불타는생고기 ,뽕신 (공릉점),새우꺾기 ,싱싱오징어바다 ,아이엠부대찌개 ,빕스 (공릉점),서서방고깃집 ,
중화,육공사604 ,BREAD850 ,소야지 (중화점),맛짱 ,도네누 (중화역점),치어스 (중화점),연어에 반하다 ,이층커피 ,한스참숯불닭갈비 ,장원정 ,
중화,육공사604 ,BREAD850 ,소야지 (중화점),맛짱 ,도네누 (중화역점),치어스 (중화점),연어에 반하다 ,이층커피 ,한스참숯불닭갈비 ,장원정 ,
상봉,까망통돼지 ,오아저씨수제고로케 ,제이쿠치나 ,참이맛감자탕상봉점 ,아웃백스테이크하우스 (상봉점),꿀삼겹 ,디저트39 (상봉점),포메인 (상봉이노시티점),어글리스토브 (상봉점),애슐리 (홈플러스 상봉점),
면목,진미각 ,명품쌈밥사계절수산물 ,후후스시 ,리레케이크 ,참맛깔곱창 ,한명숙피자치킨 ,장터빈대떡 ,산골정육식당 ,자주족발 ,암뽕순대국 닭발 ,
용마산,대박왕곱창 ,순자네다락방 ,엄마분식 ,약산능이촌 ,빨대소리 ,천외천 ,위대한족보 ,경미양꼬치 ,황제갈비 ,커피플레이스 ,
중곡,바이 레인 ,르빵프레 ,등촌샤브칼국수 (중곡점),유일설렁탕 ,채선당 (중곡점),치어스 (중곡점),참나무로바베큐 ,신전떡볶이 (중곡점),사쿠라드랍스 ,상떼 ,
뚝섬유원지,송화산시도삭면 ,독도수산 ,강쇠네 ,마일드 ,진육식당 ,커피더쏠 ,호타루 ,그남자의덮밥 ,꼬꼬아찌 (건대점),꽃다방 ,
청담,길목 ,파파호 (청담점),페스틴 ,삼성원조양곱창 ,더제이케이키친 ,청담영양센터 ,폴바셋 (청담역점),신의주찹쌀순대 (청담점),초밥집 ,청국장과보리밥 (청담점),
강남구청,바닐라클라우드 ,오감 ,25T ,우츠와 ,봉밀가 ,Sweet Planet (본점),비트윈브레드 ,김영모과자점 (강남구청점),팔당닭발 ,그때그집 ,
논현,가토드보야주 ,리북집 (논현직영점),라멘모토 ,배꼽집 (본점),반피차이 (논현점),도셰프 ,신이주신선물오리고기 ,가라사대 ,봉평고향메밀촌 (논현점),논현장어 ,
반포,마루심 ,코아손만두 (뉴코아아울렛 강남),차알 (파미에스테이션),페르케노 (뉴코아아울렛 강남),베를린크란츠 ,제이에스가든 (잠원점),테판야끼다구오 (뉴코아아울렛 강남),조선면옥 (본점),소이연남 (파미에스테이션),삼순이호두파이전문점 ,
남성,플레이와타나베식당 ,송이족발 (사당점),모녀신떡&미쓰밀떡 ,백제231 ,Italian Kitchen 요리대장 ,이레분식 ,마실 ,커피 더 캠프 (남성역점),달의둥지 ,경 ,
숭실대입구,파동추야 ,리얼후라이 (숭실대점),미주알고주알 ,상도곱창 ,논두렁갈비 ,스톤504 ,토모니베이커리 ,멘동 (숭실대점),커피투머로우 ,도쿄야네 ,
신대방삼거리,즉석바지락손칼국수 ,시간을 들이다 ,카페퍼블리코 ,몽소 ,온누리에돈까스 (대방점),키친502 ,카페몽돌 ,계림원 (상도점),커피집 ,생각이나 ,
보라매,상남스시 ,서일순대국 ,알렉스플레이스 ,코코이찌방야 (보라매점),옛촌민속집 ,도동집 ,입떡 ,신한방퍼즈카페 (보라매점),가장맛있는족발 ,맘스케익 (영등포점),
남구로,정준호스시 ,고창국수 ,빵굼터 (구로점),구삼이 ,주주네족발앤낙지 (남구로점),구름산원주추어탕 ,아리가또맘마 (구로디지털단지점),통닭가 (남구로점),은행나무손칼국수 ,돌참치 ,
철산,오정족발 ,맛찬들왕소금구이 (광명철산점),유가네 (철산역점),벌툰 (철산로데오점),우돈명가 ,한신포차 (광명철산점),징기스 (광명철산점),언니의식빵가게 (광명철산점),짬뽕씨티 ,448돈까스 ,
광명사거리,홍두깨칼국수 ,음악곱창집 ,원조광명할머니빈대떡 ,바람부리명태찜 ,오성초밥 ,김미진 당진 아구 동태찜탕 ,김명태 (광명점),양지순대곱창 ,오뚜기돈까스 ,알콜로 ,
천왕,아빠의 바게트 ,메이로드 ,태기산더덕순대 ,화음정 ,국대떡볶이 (천왕역점),이디야커피 (천왕이펜하우스점),그집쭈꾸미 (천왕역점),참이맛감자탕 (천왕역점),마왕족발 ,현가네코다리 ,
부천종합운동장,와일드그릴 ,원미왕족발 ,산야초12 ,설면 ,방일해장국 (원미점),빠글빠글잔치국수 ,주미정 ,베르네닭강정 (원미점),상하이설악칡냉면 ,토마토김밥 (원미점),
춘의,복성원 ,신선설농탕 (중동본점),중화요리첸 ,까페메르시 ,부일곱창 (중동본점),첫번째가마솥순대국 ,암특 흐엉샌 베트남 ,원미왕족발 ,백년식당서서갈비 ,카페라떼르 (부천본점),
부천시청,고래라멘 ,왕푸징 ,연어마을 ,신전떡볶이 (부천중동점),도레도레 (현대백화점 유플렉스 중동점),토끼정 (부천중동점),달콤한서랍 ,오빠네옛날떡볶이 (부천상동점),서가앤쿡 (부천중동점),아웃닭 (부천현대점),
상동,페르케노 (뉴코아아울렛 부천점),에머이 (뉴코아아울렛부천점),안나푸르나레스토랑 (상동2호점),은행골초밥참치전문점 ,타르타르 (부천상동점),계열사치킨 (부천상동점),뱃머리횟집 ,생활맥주 (부천상동점),유에프오 ,코코로야끼 ,
삼산체육관,삼도갈비 (부천점),병천토속순대 (부개점),떼루와 (웅진플레이도시점),화개장터 ,이바돔 (삼산점),용코로만두 ,피앤피키친 ,한촌설렁탕 (삼산점),백세장어마을 ,미쓰그릴 (웅진플레이도시점),
부평구청,더히든키친 ,트랜퀼 마치 ,별미칡냉면 ,노멀커피 ,5월19일 ,더소야소 (부평구청점),장어한판 ,꽁떼 ,키친심플 ,앤사장 다락방 ,
먹골,스시고메이 ,한참치 (묵동본점),디저트39 (묵동자이점),세컨드고메 ,진라멘 ,라떼플로라 ,채선당 (묵동점),갬성식당 ,두루두루 베이비카페 ,명동칼국수샤브샤브 (묵동 이마트점),
사가정,숯불닭갈비에 반하닭 ,파파라멘 ,내친구고양이카페 ,웨일즈독 ,봉추찜닭 (사가정점),쥬스토 ,치어스 (사가정역점),카페레블 ,맛닭꼬 ,커피꾼 ,
어린이대공원,빠오즈푸 ,감성다방 ,모서리에커피집 ,궤도에오르다 (본점),깍뚝 ,래빗홀 버거컴퍼니 ,알고탭하우스 ,가츠시 (건대점),샘터골 (건대본점),히릿 ,
학동,홍명 ,세익스피어 베케이션 ,알로하포케 ,갤러리로얄 ,들었다놨다참숯불닭갈비 ,빠비뚜엡 ,로이스퀸 ,남포면옥 (논현동점),베리블라썸다이닝 ,스타족발 ,
내방,메종엠오 ,브레드에스프레소앤 ,아트메이저 ,페이브 ,매뉴팩트커피 (방배점),초우 ,미미치킨 ,뽕사부 ,일미옥 ,조개창고 ,
상도,피터패트 ,중대양곱창 ,오시오떡볶이 ,비스트로앤 ,커피나무 (중대점),북경 ,상도갈비타운 ,야쿠야쿠 (상도점),탭하우스더슈라인 ,스타동 ,
신풍,블랑제리가마 (신풍점),파전닭갈비 ,식빵이야기 ,신풍곱창 ,커피메이플 ,버섯생불고기개성면옥 ,커피마리오 ,신마포갈매기 (신풍역점),오대리국수 ,짝태시대 (신풍역점),
까치울,봉순게장 ,썸오브에브리띵 ,김정수할머니보쌈막국수 ,카페리메인 ,카페커프엔드 ,이비가짬뽕 (까치울점),수타원 (춘의점),작동홍두깨칼국수 ,장어나라 ,키친모짜렐라 ,
신중동,커피지니어스 ,아띠오아나폴리 핏제리아 (부천2호점),탄두르 ,드렁킨타이 (1호점),로이스타코 ,담다베이커리 ,줄리앤줄리아 ,잇쇼니 ,칸지돈부리 ,비플로우 ,
굴포천,트랜퀼 마치 ,별미칡냉면 ,노멀커피 ,5월19일 ,더소야소 (부평구청점),장어한판 ,꽁떼 ,경복궁 (삼산점),훈커피 ,메테오커피로스터스 ,
장승배기,사이공리 ,브레드덕 ,요술얼음 ,늘보리 ,운봉산장양고기전문점 ,신짱스시 ,김광일 간장새우 ,아마르 ,브레드제이 ,풍년집정육식당 ,
강동구청,커피몽타주 ,화진포막국수 ,셀프하우스 ,부리나케 ,루하커피 ,피에로커피 ,요다래 ,카페메종드한 ,유천칡냉면 (본점),팔선생 ,
석촌,뉴질랜드스토리 ,엘리스리틀이태리 ,바베네 ,르빵 (석촌역점),멘야하나비 ,그리지하우스 ,만푸쿠 ,파티세리도효 ,니엔테 ,미엔아이 ,
송파,송파감자국 ,모꼬지에 ,부산밀면 ,정원이 있는 국민책방 (송파점),아벡쑤아 ,채선당 (송파점),그레인제빵소 ,허심탄회 ,하오찬 ,원산만두 ,
문정,플라워 ,라치오 ,툇마루밥상 (본점),옹고집꽃게장 ,골목떡볶이 ,콘플러 ,빕스 (문정점),에머이 (문정점),시루나무 ,몰리케이 ,
장지,장쓰동 ,훠궈야 (송파파크하비오점),삼우닭강정 ,도쿄하나 진 ,더플레이스 (송파파크하비오점),명동피자 (가든파이브점),멘타로 ,르번미 ,헤븐온탑 (문정점),두끼 ,
복정,텐노트커피 ,코그노센티 ,플랩잭팬트리 ,복정골 ,카페 33-3 ,타바스 ,커피와글 ,미드줄라이 ,등촌샤브칼국수 (위례신도시점),좋은물고기 ,
산성,배꼽한정식 ,청마루매운갈비찜샤브샤브 ,경포 ,추오정남원추어탕 ,논골장마담집 ,강산촌 ,산아래염소이야기 (복정점),왕십리곱창 ,삼시세끼 ,유정집 ,
단대오거리,구르메우동 ,보물촌꺼먹돼지 ,두끼 (성남 세이브존점),서민호생참치연어 ,철뚝집 ,로빈스커피 ,뿅의전설 (본점),쭈꾸미 손사장 ,마찌야매콤돈까스 ,엉터리생고기 (단대오거리점),
신흥,진미떡볶이 ,로사우니카 ,김선생 ,고기사랑 ,동해해물탕 ,창모루칼제비 ,청산골왕갈비살 ,참맛나리아안동찜닭 ,진주성 ,장군보쌈 ,
모란,밀라노상회 ,디파스타 ,삽다리곱창 ,Re: 안녕커피 ,모란왕족발 ,레시피나인 (모란역점),홍굴이해물짬뽕 ,전주감자탕 ,코지하우스 ,칭하이 ,
몽촌토성,몽중헌 (방이점),별미곱창 ,서두산딤섬만두 (본점),제주오겹살왕돌구이집 (본점),샛집남원추어탕 ,가일 ,커피바이셉템버 ,소담정 ,한아람정육식당 ,할머니포장마차멸치국수 ,
남한산성입구,보리밥 ,강릉송정해변막국수 ,달콤슈가 ,본죽 (성남중앙병원점),화로구이 ,장충동왕족발 ,펀비어킹 (남한산성점),,,,
암사,동신면가 ,장독흑돼지 ,정가네 양꼬치 ,유황생오리숯불구이 ,해안반점 ,맛나슈퍼 (암사점),알투라 ,오고참 ,우수식탁 ,초롱이고모부대찌개 ,
수진,진미떡볶이 ,쿠데타 (본점),어서오슈 ,커피타는너구리 ,란주천면관 ,충칭소면 ,고래고래 ,고기사랑 ,동방만두 전문점 ,쿠우쿠우 ,
언주,이디야커피랩 ,능라도 (강남점),삼정하누 ,논현손칼국수 ,일일향 (2호점),화이브앤투버거저니 ,헤이미 ,짱이네산곰장어 ,곰스키친 (논현본점),레스토랑핫이슈 (호텔카푸치노),
선정릉,레트로오븐 ,후웨이즈 ,살루쪼 ,달빛보쌈 (논현점),오묘한 과자점 ,노란주전자 ,나비식탁 ,칠백식당 (삼성직영점),코퍼룸 ,가나기사식당 ,
삼성중앙,외고집설렁탕 ,플랑플랑 ,비야게레로 ,브루클린더버거조인트 (삼성점),하나샤부정 ,어반81 (1호점),배럴 ,아야진생태찌개 ,저스트기네스 ,차이린 ,
봉은사,하동관 (코엑스몰),클로리스 (코엑스몰점),테이스팅룸 (코엑스몰),소브스위드살몬 (삼성점),탑클라우드52 (트레이드타워),더베이크하우스 ,디퀸즈 (코엑스몰점),이코복스 (코엑스몰),로네펠트티하우스 (코엑스몰),곰바위 (본점),
개화,,,,,,,,,,,
공항시장,밀작 ,도일처 ,바다향기 ,노가리깔까 ,최대감 ,공항떡집 ,아페 카페 ,초가집 ,문래돼지불백 (방화점),해운대복집 ,
신방화,밀작 ,카페라클라스 ,최윤진당진아구동태찜탕 ,비라티오커피 (신방화역점),밀작 (2호점),존슨부대찌개 ,노가리깔까 ,페리카나 (방화2호점),타베루 ,구름공방 (신방화역점),
마곡나루,브루드서울 ,나우니스 ,악토버 ,프랭크서울 (마곡나루역점),송쭈집 (마곡나루점),꼼떼바베큐 (마곡점),필립앤노아 ,뭄미 ,앙키친 ,올리브키친 ,
가양,함흥본가 ,소바트럭 ,명태어장 ,뚜스뚜스 ,이가바지락손칼국수 ,현이네초밥가게 ,오백년장어 ,더족발 (가양점),도쿄하나 (등촌점),더플롯커피 ,
증미,등촌최월선칼국수 ,고양이똥2 ,코끼리만두 ,유림 ,뚜스뚜스 ,박가부대 (증미역점),현이네초밥가게 ,깐부치킨 (증미점),봉추찜닭 (가양점),채선당 (등촌점),
등촌,고양이똥 ,동그라미곱창 ,스시경 ,옛날한우곱창전문 ,할범탕수육 ,외국포차 ,유쾌했소 ,강서복집 ,정일품삼계탕 ,골목집 ,
신목동,나폴레옹과자점 (목동점),가정경양 ,토다이 (목동점),닐리 (목동점),원조쌈밥집 (목동점),깐부치킨 (목동5단지점),본설렁탕 (목동점),커피요리 ,선궁 ,등촌샤브칼국수 (목동점),
선유도,베이커리옥토버 ,원조우렁된장너도나도식당 ,또순이네 ,엘카페커피로스터스 (본점),선유기지 ,나나캄 ,엘디아 ,홈앤브레드 ,스퀘어21 ,호연 ,
샛강,카페 진정성 (디스트릭트와이점),가양칼국수버섯매운탕 ,팥이재 ,브레드피트 ,진주집 ,파낙스 ,대원 ,서궁 (여의도점),헤븐온탑 (디스트릭트와이점),창고43 (본점1관),
흑석,프랑세즈 ,터방내 ,리얼후라이 (흑석본점),성민양꼬치 ,탭하우스 ,바야흐로 ,삼목등심 ,피자보이시나 (흑석점),산이네 ,오후홍콩 ,
구반포,리틀크레이지피자 ,박종근과자점 ,흥미면옥 ,소운빙 (반포점),아이언펍 ,돈키 ,애플하우스 ,스마일포차 ,반포치킨 ,에이치플러스와이 ,
신반포,김영모과자점 (신반포점),산들해 (반포동점),도깨비곱창 ,블루테이블 ,드레꽃 ,투썸플레이스 (반포래미안퍼스티지점),굿애프터눈 ,낙원궁중떡집 ,면 ,루나리치 (반포래미안점),
사평,마루심 ,베를린크란츠 ,조선면옥 (본점),삼순이호두파이전문점 ,경복궁 ,영양센터 ,닥터로빈 (반포점),팬차이나 (서초점),고구려 (서초지점),삿뽀로 (서초점),
신논현,육덕식당 ,셰막 ,지올리띠 ,낙원타코 ,더블트러블 ,랩트웬티포 ,어메이징타이 ,클로리스 (신논현점),장남식당 ,이야기하나 ,
노들,브레드숨 ,그런커피 ,굿데이서울 ,카페노들수 ,그런밤 ,카페 비러브드 ,비앙 비앙 ,소문난명품잔치국수 ,정가네식당 ,신호야떡볶이 ,
양천향교,이조면옥 ,별난낙지 ,금왕돈까스 ,정통춘천닭갈비 ,1977김치찌개 ,갯마을회전문점 ,카페드라무 ,노렌 ,먹태집 ,담소사골순대 (가양점),
염창,신야텐야 (염창역점),망향비빔국수 (강서점),고씨네 (본점),챠라챠라 ,인생덮밥 ,이엄청난참치 (염창점),카페더브릿지 ,어가촌 ,봉구비어 (염창역점),농장이야기 (목동직영점),
국회의사당,정인면옥 ,커피기업 ,하동관 ,이도맨숀 ,카페마마스 (여의도점),올라 (KBS점),진진만두국 (서여의도점),김명자굴국밥전문점 (여의도점),소호정 (여의도점),그리츠 ,
